area_name,country_of_birth,value,order
Old Trafford,Europe: United Kingdom: Total,6435,0
Old Trafford,Europe: Channel Islands not otherwise specified,1,3
Old Trafford,Europe: Isle of Man,5,4
Old Trafford,Europe: Ireland,179,5
Old Trafford,Europe: Other Europe: EU countries: Member countries in March 2001: France,12,6
Old Trafford,Europe: Other Europe: EU countries: Member countries in March 2001: Germany,42,7
Old Trafford,Europe: Other Europe: EU countries: Member countries in March 2001: Italy,14,8
Old Trafford,Europe: Other Europe: EU countries: Member countries in March 2001: Portugal,9,9
Old Trafford,Europe: Other Europe: EU countries: Member countries in March 2001: Spain (including Canary Islands),15,10
Old Trafford,Europe: Other Europe: EU countries: Member countries in March 2001: Other member countries in March 2001,96,11
Old Trafford,Europe: Other Europe: EU countries: Accession countries April 2001 to March 2011: Lithuania,11,12
Old Trafford,Europe: Other Europe: EU countries: Accession countries April 2001 to March 2011: Poland,327,13
Old Trafford,Europe: Other Europe: EU countries: Accession countries April 2001 to March 2011: Romania,16,14
Old Trafford,Europe: Other Europe: EU countries: Accession countries April 2001 to March 2011: Other EU accession countries,84,15
Old Trafford,Europe: Other Europe: Rest of Europe: Turkey,4,16
Old Trafford,Europe: Other Europe: Rest of Europe: Other Europe,22,17
Old Trafford,Africa: Central and Western Africa: Ghana,23,18
Old Trafford,Africa: Central and Western Africa: Nigeria,84,19
Old Trafford,Africa: Central and Western Africa: Other Central and Western Africa,68,20
Old Trafford,Africa: South and Eastern Africa: Kenya,43,21
Old Trafford,Africa: South and Eastern Africa: Somalia,197,22
Old Trafford,Africa: South and Eastern Africa: South Africa,28,23
Old Trafford,Africa: South and Eastern Africa: Zimbabwe,32,24
Old Trafford,Africa: South and Eastern Africa: Other South and Eastern Africa,146,25
Old Trafford,Africa: Africa not otherwise specified,6,26
Old Trafford,Middle East and Asia: Middle East: Iran,34,27
Old Trafford,Middle East and Asia: Middle East: Other Middle East,99,28
Old Trafford,Middle East and Asia: Eastern Asia: China,45,29
Old Trafford,Middle East and Asia: Eastern Asia: Hong Kong (Special Administrative Region of China),17,30
Old Trafford,Middle East and Asia: Eastern Asia: Other Eastern Asia,14,31
Old Trafford,Middle East and Asia: Southern Asia: Bangladesh,49,32
Old Trafford,Middle East and Asia: Southern Asia: India,557,33
Old Trafford,Middle East and Asia: Southern Asia: Pakistan,538,34
Old Trafford,Middle East and Asia: Southern Asia: Sri Lanka,13,35
Old Trafford,Middle East and Asia: Southern Asia: Other Southern Asia,117,36
Old Trafford,Middle East and Asia: South-East Asia: Philippines,3,37
Old Trafford,Middle East and Asia: South-East Asia: Other South-East Asia,66,38
Old Trafford,Middle East and Asia: Central Asia,1,39
Old Trafford,The Americas and the Caribbean: North America: United States,22,40
Old Trafford,The Americas and the Caribbean: North America: Other North America,9,41
Old Trafford,The Americas and the Caribbean: Central America,7,42
Old Trafford,The Americas and the Caribbean: South America,33,43
Old Trafford,The Americas and the Caribbean: The Caribbean: Jamaica,395,44
Old Trafford,The Americas and the Caribbean: The Caribbean: Other Caribbean,81,45
Old Trafford,Antarctica and Oceania: Australasia: Australia,12,47
Old Trafford,Antarctica and Oceania: Australasia: Other Australasia,5,48
Old Trafford,Antarctica and Oceania: Other Oceania,2,49
Trafford Park West & Kingsway Park,Europe: United Kingdom: Total,7169,0
Trafford Park West & Kingsway Park,Europe: Jersey,1,2
Trafford Park West & Kingsway Park,Europe: Isle of Man,5,4
Trafford Park West & Kingsway Park,Europe: Ireland,150,5
Trafford Park West & Kingsway Park,Europe: Other Europe: EU countries: Member countries in March 2001: France,6,6
Trafford Park West & Kingsway Park,Europe: Other Europe: EU countries: Member countries in March 2001: Germany,10,7
Trafford Park West & Kingsway Park,Europe: Other Europe: EU countries: Member countries in March 2001: Italy,2,8
Trafford Park West & Kingsway Park,Europe: Other Europe: EU countries: Member countries in March 2001: Portugal,1,9
Trafford Park West & Kingsway Park,Europe: Other Europe: EU countries: Member countries in March 2001: Spain (including Canary Islands),4,10
Trafford Park West & Kingsway Park,Europe: Other Europe: EU countries: Member countries in March 2001: Other member countries in March 2001,7,11
Trafford Park West & Kingsway Park,Europe: Other Europe: EU countries: Accession countries April 2001 to March 2011: Lithuania,1,12
Trafford Park West & Kingsway Park,Europe: Other Europe: EU countries: Accession countries April 2001 to March 2011: Poland,3,13
Trafford Park West & Kingsway Park,Europe: Other Europe: EU countries: Accession countries April 2001 to March 2011: Other EU accession countries,19,15
Trafford Park West & Kingsway Park,Europe: Other Europe: Rest of Europe: Turkey,4,16
Trafford Park West & Kingsway Park,Europe: Other Europe: Rest of Europe: Other Europe,12,17
Trafford Park West & Kingsway Park,Africa: Central and Western Africa: Ghana,4,18
Trafford Park West & Kingsway Park,Africa: Central and Western Africa: Nigeria,2,19
Trafford Park West & Kingsway Park,Africa: South and Eastern Africa: Kenya,2,21
Trafford Park West & Kingsway Park,Africa: South and Eastern Africa: Somalia,1,22
Trafford Park West & Kingsway Park,Africa: South and Eastern Africa: South Africa,8,23
Trafford Park West & Kingsway Park,Africa: South and Eastern Africa: Zimbabwe,5,24
Trafford Park West & Kingsway Park,Africa: South and Eastern Africa: Other South and Eastern Africa,14,25
Trafford Park West & Kingsway Park,Africa: Africa not otherwise specified,1,26
Trafford Park West & Kingsway Park,Middle East and Asia: Middle East: Iran,3,27
Trafford Park West & Kingsway Park,Middle East and Asia: Middle East: Other Middle East,19,28
Trafford Park West & Kingsway Park,Middle East and Asia: Eastern Asia: China,17,29
Trafford Park West & Kingsway Park,Middle East and Asia: Eastern Asia: Hong Kong (Special Administrative Region of China),15,30
Trafford Park West & Kingsway Park,Middle East and Asia: Eastern Asia: Other Eastern Asia,8,31
Trafford Park West & Kingsway Park,Middle East and Asia: Southern Asia: India,44,33
Trafford Park West & Kingsway Park,Middle East and Asia: Southern Asia: Pakistan,22,34
Trafford Park West & Kingsway Park,Middle East and Asia: Southern Asia: Sri Lanka,4,35
Trafford Park West & Kingsway Park,Middle East and Asia: South-East Asia: Philippines,9,37
Trafford Park West & Kingsway Park,Middle East and Asia: South-East Asia: Other South-East Asia,16,38
Trafford Park West & Kingsway Park,The Americas and the Caribbean: North America: United States,5,40
Trafford Park West & Kingsway Park,The Americas and the Caribbean: Central America,1,42
Trafford Park West & Kingsway Park,The Americas and the Caribbean: South America,9,43
Trafford Park West & Kingsway Park,The Americas and the Caribbean: The Caribbean: Jamaica,13,44
Trafford Park West & Kingsway Park,The Americas and the Caribbean: The Caribbean: Other Caribbean,5,45
Trafford Park West & Kingsway Park,Antarctica and Oceania: Australasia: Australia,5,47
Trafford Park West & Kingsway Park,Antarctica and Oceania: Australasia: Other Australasia,1,48
Trafford Park West & Kingsway Park,Antarctica and Oceania: Other Oceania,1,49
Gorse Hill,Europe: United Kingdom: Total,6966,0
Gorse Hill,Europe: Channel Islands not otherwise specified,3,3
Gorse Hill,Europe: Isle of Man,1,4
Gorse Hill,Europe: Ireland,216,5
Gorse Hill,Europe: Other Europe: EU countries: Member countries in March 2001: France,8,6
Gorse Hill,Europe: Other Europe: EU countries: Member countries in March 2001: Germany,39,7
Gorse Hill,Europe: Other Europe: EU countries: Member countries in March 2001: Italy,6,8
Gorse Hill,Europe: Other Europe: EU countries: Member countries in March 2001: Portugal,3,9
Gorse Hill,Europe: Other Europe: EU countries: Member countries in March 2001: Spain (including Canary Islands),10,10
Gorse Hill,Europe: Other Europe: EU countries: Member countries in March 2001: Other member countries in March 2001,20,11
Gorse Hill,Europe: Other Europe: EU countries: Accession countries April 2001 to March 2011: Lithuania,1,12
Gorse Hill,Europe: Other Europe: EU countries: Accession countries April 2001 to March 2011: Poland,132,13
Gorse Hill,Europe: Other Europe: EU countries: Accession countries April 2001 to March 2011: Romania,9,14
Gorse Hill,Europe: Other Europe: EU countries: Accession countries April 2001 to March 2011: Other EU accession countries,65,15
Gorse Hill,Europe: Other Europe: Rest of Europe: Turkey,5,16
Gorse Hill,Europe: Other Europe: Rest of Europe: Other Europe,17,17
Gorse Hill,Africa: Central and Western Africa: Ghana,7,18
Gorse Hill,Africa: Central and Western Africa: Nigeria,24,19
Gorse Hill,Africa: Central and Western Africa: Other Central and Western Africa,11,20
Gorse Hill,Africa: South and Eastern Africa: Kenya,29,21
Gorse Hill,Africa: South and Eastern Africa: Somalia,16,22
Gorse Hill,Africa: South and Eastern Africa: South Africa,16,23
Gorse Hill,Africa: South and Eastern Africa: Zimbabwe,7,24
Gorse Hill,Africa: South and Eastern Africa: Other South and Eastern Africa,38,25
Gorse Hill,Africa: Africa not otherwise specified,2,26
Gorse Hill,Middle East and Asia: Middle East: Iran,24,27
Gorse Hill,Middle East and Asia: Middle East: Other Middle East,27,28
Gorse Hill,Middle East and Asia: Eastern Asia: China,26,29
Gorse Hill,Middle East and Asia: Eastern Asia: Hong Kong (Special Administrative Region of China),14,30
Gorse Hill,Middle East and Asia: Eastern Asia: Other Eastern Asia,1,31
Gorse Hill,Middle East and Asia: Southern Asia: Bangladesh,12,32
Gorse Hill,Middle East and Asia: Southern Asia: India,100,33
Gorse Hill,Middle East and Asia: Southern Asia: Pakistan,185,34
Gorse Hill,Middle East and Asia: Southern Asia: Other Southern Asia,2,36
Gorse Hill,Middle East and Asia: South-East Asia: Philippines,8,37
Gorse Hill,Middle East and Asia: South-East Asia: Other South-East Asia,22,38
Gorse Hill,The Americas and the Caribbean: North America: United States,12,40
Gorse Hill,The Americas and the Caribbean: North America: Other North America,16,41
Gorse Hill,The Americas and the Caribbean: Central America,2,42
Gorse Hill,The Americas and the Caribbean: South America,11,43
Gorse Hill,The Americas and the Caribbean: The Caribbean: Jamaica,100,44
Gorse Hill,The Americas and the Caribbean: The Caribbean: Other Caribbean,17,45
Gorse Hill,Antarctica and Oceania: Australasia: Australia,13,47
Gorse Hill,Antarctica and Oceania: Australasia: Other Australasia,2,48
Gorse Hill,Antarctica and Oceania: Other Oceania,1,49
Firswood,Europe: United Kingdom: Total,6047,0
Firswood,Europe: Jersey,1,2
Firswood,Europe: Channel Islands not otherwise specified,1,3
Firswood,Europe: Ireland,225,5
Firswood,Europe: Other Europe: EU countries: Member countries in March 2001: France,23,6
Firswood,Europe: Other Europe: EU countries: Member countries in March 2001: Germany,21,7
Firswood,Europe: Other Europe: EU countries: Member countries in March 2001: Italy,23,8
Firswood,Europe: Other Europe: EU countries: Member countries in March 2001: Portugal,2,9
Firswood,Europe: Other Europe: EU countries: Member countries in March 2001: Spain (including Canary Islands),20,10
Firswood,Europe: Other Europe: EU countries: Member countries in March 2001: Other member countries in March 2001,32,11
Firswood,Europe: Other Europe: EU countries: Accession countries April 2001 to March 2011: Lithuania,3,12
Firswood,Europe: Other Europe: EU countries: Accession countries April 2001 to March 2011: Poland,116,13
Firswood,Europe: Other Europe: EU countries: Accession countries April 2001 to March 2011: Romania,3,14
Firswood,Europe: Other Europe: EU countries: Accession countries April 2001 to March 2011: Other EU accession countries,48,15
Firswood,Europe: Other Europe: Rest of Europe: Turkey,1,16
Firswood,Europe: Other Europe: Rest of Europe: Other Europe,12,17
Firswood,Africa: Central and Western Africa: Ghana,13,18
Firswood,Africa: Central and Western Africa: Nigeria,6,19
Firswood,Africa: Central and Western Africa: Other Central and Western Africa,10,20
Firswood,Africa: South and Eastern Africa: Kenya,34,21
Firswood,Africa: South and Eastern Africa: Somalia,23,22
Firswood,Africa: South and Eastern Africa: South Africa,16,23
Firswood,Africa: South and Eastern Africa: Zimbabwe,18,24
Firswood,Africa: South and Eastern Africa: Other South and Eastern Africa,63,25
Firswood,Africa: Africa not otherwise specified,2,26
Firswood,Middle East and Asia: Middle East: Iran,20,27
Firswood,Middle East and Asia: Middle East: Other Middle East,79,28
Firswood,Middle East and Asia: Eastern Asia: China,34,29
Firswood,Middle East and Asia: Eastern Asia: Hong Kong (Special Administrative Region of China),21,30
Firswood,Middle East and Asia: Eastern Asia: Other Eastern Asia,4,31
Firswood,Middle East and Asia: Southern Asia: Bangladesh,19,32
Firswood,Middle East and Asia: Southern Asia: India,219,33
Firswood,Middle East and Asia: Southern Asia: Pakistan,774,34
Firswood,Middle East and Asia: Southern Asia: Sri Lanka,8,35
Firswood,Middle East and Asia: Southern Asia: Other Southern Asia,14,36
Firswood,Middle East and Asia: South-East Asia: Philippines,3,37
Firswood,Middle East and Asia: South-East Asia: Other South-East Asia,34,38
Firswood,Middle East and Asia: Central Asia,1,39
Firswood,The Americas and the Caribbean: North America: United States,16,40
Firswood,The Americas and the Caribbean: North America: Other North America,8,41
Firswood,The Americas and the Caribbean: Central America,1,42
Firswood,The Americas and the Caribbean: South America,13,43
Firswood,The Americas and the Caribbean: The Caribbean: Jamaica,292,44
Firswood,The Americas and the Caribbean: The Caribbean: Other Caribbean,60,45
Firswood,Antarctica and Oceania: Australasia: Australia,4,47
Firswood,Antarctica and Oceania: Australasia: Other Australasia,3,48
Davyhulme,Europe: United Kingdom: Total,7618,0
Davyhulme,Europe: Guernsey,1,1
Davyhulme,Europe: Jersey,1,2
Davyhulme,Europe: Isle of Man,3,4
Davyhulme,Europe: Ireland,107,5
Davyhulme,Europe: Other Europe: EU countries: Member countries in March 2001: France,4,6
Davyhulme,Europe: Other Europe: EU countries: Member countries in March 2001: Germany,25,7
Davyhulme,Europe: Other Europe: EU countries: Member countries in March 2001: Italy,2,8
Davyhulme,Europe: Other Europe: EU countries: Member countries in March 2001: Portugal,1,9
Davyhulme,Europe: Other Europe: EU countries: Member countries in March 2001: Spain (including Canary Islands),7,10
Davyhulme,Europe: Other Europe: EU countries: Member countries in March 2001: Other member countries in March 2001,19,11
Davyhulme,Europe: Other Europe: EU countries: Accession countries April 2001 to March 2011: Poland,14,13
Davyhulme,Europe: Other Europe: EU countries: Accession countries April 2001 to March 2011: Other EU accession countries,31,15
Davyhulme,Europe: Other Europe: Rest of Europe: Other Europe,4,17
Davyhulme,Africa: Central and Western Africa: Nigeria,5,19
Davyhulme,Africa: South and Eastern Africa: South Africa,13,23
Davyhulme,Africa: South and Eastern Africa: Zimbabwe,1,24
Davyhulme,Africa: South and Eastern Africa: Other South and Eastern Africa,17,25
Davyhulme,Africa: Africa not otherwise specified,1,26
Davyhulme,Middle East and Asia: Middle East: Iran,5,27
Davyhulme,Middle East and Asia: Middle East: Other Middle East,10,28
Davyhulme,Middle East and Asia: Eastern Asia: China,5,29
Davyhulme,Middle East and Asia: Eastern Asia: Hong Kong (Special Administrative Region of China),6,30
Davyhulme,Middle East and Asia: Eastern Asia: Other Eastern Asia,7,31
Davyhulme,Middle East and Asia: Southern Asia: Bangladesh,2,32
Davyhulme,Middle East and Asia: Southern Asia: India,42,33
Davyhulme,Middle East and Asia: Southern Asia: Pakistan,38,34
Davyhulme,Middle East and Asia: Southern Asia: Other Southern Asia,3,36
Davyhulme,Middle East and Asia: South-East Asia: Philippines,4,37
Davyhulme,Middle East and Asia: South-East Asia: Other South-East Asia,13,38
Davyhulme,The Americas and the Caribbean: North America: United States,6,40
Davyhulme,The Americas and the Caribbean: North America: Other North America,4,41
Davyhulme,The Americas and the Caribbean: Central America,3,42
Davyhulme,The Americas and the Caribbean: South America,3,43
Davyhulme,The Americas and the Caribbean: The Caribbean: Jamaica,6,44
Davyhulme,The Americas and the Caribbean: The Caribbean: Other Caribbean,6,45
Davyhulme,Antarctica and Oceania: Australasia: Australia,5,47
Davyhulme,Antarctica and Oceania: Australasia: Other Australasia,3,48
Trafford Park East & Sevenways,Europe: United Kingdom: Total,7228,0
Trafford Park East & Sevenways,Europe: Isle of Man,6,4
Trafford Park East & Sevenways,Europe: Ireland,184,5
Trafford Park East & Sevenways,Europe: Other Europe: EU countries: Member countries in March 2001: France,10,6
Trafford Park East & Sevenways,Europe: Other Europe: EU countries: Member countries in March 2001: Germany,15,7
Trafford Park East & Sevenways,Europe: Other Europe: EU countries: Member countries in March 2001: Italy,3,8
Trafford Park East & Sevenways,Europe: Other Europe: EU countries: Member countries in March 2001: Portugal,3,9
Trafford Park East & Sevenways,Europe: Other Europe: EU countries: Member countries in March 2001: Spain (including Canary Islands),9,10
Trafford Park East & Sevenways,Europe: Other Europe: EU countries: Member countries in March 2001: Other member countries in March 2001,28,11
Trafford Park East & Sevenways,Europe: Other Europe: EU countries: Accession countries April 2001 to March 2011: Poland,67,13
Trafford Park East & Sevenways,Europe: Other Europe: EU countries: Accession countries April 2001 to March 2011: Romania,2,14
Trafford Park East & Sevenways,Europe: Other Europe: EU countries: Accession countries April 2001 to March 2011: Other EU accession countries,38,15
Trafford Park East & Sevenways,Europe: Other Europe: Rest of Europe: Turkey,5,16
Trafford Park East & Sevenways,Europe: Other Europe: Rest of Europe: Other Europe,7,17
Trafford Park East & Sevenways,Africa: Central and Western Africa: Ghana,4,18
Trafford Park East & Sevenways,Africa: Central and Western Africa: Nigeria,5,19
Trafford Park East & Sevenways,Africa: Central and Western Africa: Other Central and Western Africa,7,20
Trafford Park East & Sevenways,Africa: South and Eastern Africa: Kenya,10,21
Trafford Park East & Sevenways,Africa: South and Eastern Africa: Somalia,1,22
Trafford Park East & Sevenways,Africa: South and Eastern Africa: South Africa,13,23
Trafford Park East & Sevenways,Africa: South and Eastern Africa: Zimbabwe,15,24
Trafford Park East & Sevenways,Africa: South and Eastern Africa: Other South and Eastern Africa,19,25
Trafford Park East & Sevenways,Africa: Africa not otherwise specified,2,26
Trafford Park East & Sevenways,Middle East and Asia: Middle East: Iran,12,27
Trafford Park East & Sevenways,Middle East and Asia: Middle East: Other Middle East,20,28
Trafford Park East & Sevenways,Middle East and Asia: Eastern Asia: China,25,29
Trafford Park East & Sevenways,Middle East and Asia: Eastern Asia: Hong Kong (Special Administrative Region of China),15,30
Trafford Park East & Sevenways,Middle East and Asia: Eastern Asia: Other Eastern Asia,4,31
Trafford Park East & Sevenways,Middle East and Asia: Southern Asia: Bangladesh,8,32
Trafford Park East & Sevenways,Middle East and Asia: Southern Asia: India,81,33
Trafford Park East & Sevenways,Middle East and Asia: Southern Asia: Pakistan,147,34
Trafford Park East & Sevenways,Middle East and Asia: Southern Asia: Sri Lanka,4,35
Trafford Park East & Sevenways,Middle East and Asia: Southern Asia: Other Southern Asia,1,36
Trafford Park East & Sevenways,Middle East and Asia: South-East Asia: Philippines,13,37
Trafford Park East & Sevenways,Middle East and Asia: South-East Asia: Other South-East Asia,20,38
Trafford Park East & Sevenways,The Americas and the Caribbean: North America: United States,5,40
Trafford Park East & Sevenways,The Americas and the Caribbean: North America: Other North America,7,41
Trafford Park East & Sevenways,The Americas and the Caribbean: Central America,1,42
Trafford Park East & Sevenways,The Americas and the Caribbean: South America,3,43
Trafford Park East & Sevenways,The Americas and the Caribbean: The Caribbean: Jamaica,59,44
Trafford Park East & Sevenways,The Americas and the Caribbean: The Caribbean: Other Caribbean,24,45
Trafford Park East & Sevenways,Antarctica and Oceania: Australasia: Australia,7,47
Trafford Park East & Sevenways,Antarctica and Oceania: Australasia: Other Australasia,2,48
Flixton & Moorside,Europe: United Kingdom: Total,7755,0
Flixton & Moorside,Europe: Guernsey,2,1
Flixton & Moorside,Europe: Channel Islands not otherwise specified,1,3
Flixton & Moorside,Europe: Isle of Man,2,4
Flixton & Moorside,Europe: Ireland,110,5
Flixton & Moorside,Europe: Other Europe: EU countries: Member countries in March 2001: France,1,6
Flixton & Moorside,Europe: Other Europe: EU countries: Member countries in March 2001: Germany,18,7
Flixton & Moorside,Europe: Other Europe: EU countries: Member countries in March 2001: Italy,6,8
Flixton & Moorside,Europe: Other Europe: EU countries: Member countries in March 2001: Spain (including Canary Islands),1,10
Flixton & Moorside,Europe: Other Europe: EU countries: Member countries in March 2001: Other member countries in March 2001,7,11
Flixton & Moorside,Europe: Other Europe: EU countries: Accession countries April 2001 to March 2011: Poland,11,13
Flixton & Moorside,Europe: Other Europe: EU countries: Accession countries April 2001 to March 2011: Other EU accession countries,13,15
Flixton & Moorside,Europe: Other Europe: Rest of Europe: Turkey,6,16
Flixton & Moorside,Europe: Other Europe: Rest of Europe: Other Europe,8,17
Flixton & Moorside,Africa: Central and Western Africa: Nigeria,12,19
Flixton & Moorside,Africa: South and Eastern Africa: Kenya,3,21
Flixton & Moorside,Africa: South and Eastern Africa: Somalia,4,22
Flixton & Moorside,Africa: South and Eastern Africa: South Africa,8,23
Flixton & Moorside,Africa: South and Eastern Africa: Zimbabwe,3,24
Flixton & Moorside,Africa: South and Eastern Africa: Other South and Eastern Africa,6,25
Flixton & Moorside,Africa: Africa not otherwise specified,1,26
Flixton & Moorside,Middle East and Asia: Middle East: Iran,3,27
Flixton & Moorside,Middle East and Asia: Middle East: Other Middle East,8,28
Flixton & Moorside,Middle East and Asia: Eastern Asia: China,5,29
Flixton & Moorside,Middle East and Asia: Eastern Asia: Hong Kong (Special Administrative Region of China),13,30
Flixton & Moorside,Middle East and Asia: Eastern Asia: Other Eastern Asia,3,31
Flixton & Moorside,Middle East and Asia: Southern Asia: India,32,33
Flixton & Moorside,Middle East and Asia: Southern Asia: Pakistan,8,34
Flixton & Moorside,Middle East and Asia: Southern Asia: Sri Lanka,3,35
Flixton & Moorside,Middle East and Asia: South-East Asia: Philippines,2,37
Flixton & Moorside,Middle East and Asia: South-East Asia: Other South-East Asia,10,38
Flixton & Moorside,The Americas and the Caribbean: North America: United States,8,40
Flixton & Moorside,The Americas and the Caribbean: North America: Other North America,5,41
Flixton & Moorside,The Americas and the Caribbean: South America,3,43
Flixton & Moorside,The Americas and the Caribbean: The Caribbean: Jamaica,4,44
Flixton & Moorside,The Americas and the Caribbean: The Caribbean: Other Caribbean,5,45
Flixton & Moorside,Antarctica and Oceania: Australasia: Australia,4,47
Flixton & Moorside,Antarctica and Oceania: Australasia: Other Australasia,2,48
Lostock & Stretford Meadows,Europe: United Kingdom: Total,6001,0
Lostock & Stretford Meadows,Europe: Jersey,1,2
Lostock & Stretford Meadows,Europe: Ireland,133,5
Lostock & Stretford Meadows,Europe: Other Europe: EU countries: Member countries in March 2001: France,4,6
Lostock & Stretford Meadows,Europe: Other Europe: EU countries: Member countries in March 2001: Germany,22,7
Lostock & Stretford Meadows,Europe: Other Europe: EU countries: Member countries in March 2001: Italy,4,8
Lostock & Stretford Meadows,Europe: Other Europe: EU countries: Member countries in March 2001: Spain (including Canary Islands),1,10
Lostock & Stretford Meadows,Europe: Other Europe: EU countries: Member countries in March 2001: Other member countries in March 2001,15,11
Lostock & Stretford Meadows,Europe: Other Europe: EU countries: Accession countries April 2001 to March 2011: Poland,67,13
Lostock & Stretford Meadows,Europe: Other Europe: EU countries: Accession countries April 2001 to March 2011: Romania,3,14
Lostock & Stretford Meadows,Europe: Other Europe: EU countries: Accession countries April 2001 to March 2011: Other EU accession countries,29,15
Lostock & Stretford Meadows,Europe: Other Europe: Rest of Europe: Turkey,2,16
Lostock & Stretford Meadows,Europe: Other Europe: Rest of Europe: Other Europe,13,17
Lostock & Stretford Meadows,Africa: Central and Western Africa: Ghana,2,18
Lostock & Stretford Meadows,Africa: Central and Western Africa: Nigeria,19,19
Lostock & Stretford Meadows,Africa: Central and Western Africa: Other Central and Western Africa,13,20
Lostock & Stretford Meadows,Africa: South and Eastern Africa: Kenya,4,21
Lostock & Stretford Meadows,Africa: South and Eastern Africa: Somalia,3,22
Lostock & Stretford Meadows,Africa: South and Eastern Africa: South Africa,9,23
Lostock & Stretford Meadows,Africa: South and Eastern Africa: Zimbabwe,7,24
Lostock & Stretford Meadows,Africa: South and Eastern Africa: Other South and Eastern Africa,18,25
Lostock & Stretford Meadows,Middle East and Asia: Middle East: Iran,10,27
Lostock & Stretford Meadows,Middle East and Asia: Middle East: Other Middle East,8,28
Lostock & Stretford Meadows,Middle East and Asia: Eastern Asia: China,24,29
Lostock & Stretford Meadows,Middle East and Asia: Eastern Asia: Hong Kong (Special Administrative Region of China),5,30
Lostock & Stretford Meadows,Middle East and Asia: Eastern Asia: Other Eastern Asia,10,31
Lostock & Stretford Meadows,Middle East and Asia: Southern Asia: India,39,33
Lostock & Stretford Meadows,Middle East and Asia: Southern Asia: Pakistan,64,34
Lostock & Stretford Meadows,Middle East and Asia: Southern Asia: Other Southern Asia,3,36
Lostock & Stretford Meadows,Middle East and Asia: South-East Asia: Philippines,7,37
Lostock & Stretford Meadows,Middle East and Asia: South-East Asia: Other South-East Asia,13,38
Lostock & Stretford Meadows,The Americas and the Caribbean: North America: United States,9,40
Lostock & Stretford Meadows,The Americas and the Caribbean: North America: Other North America,5,41
Lostock & Stretford Meadows,The Americas and the Caribbean: Central America,4,42
Lostock & Stretford Meadows,The Americas and the Caribbean: South America,3,43
Lostock & Stretford Meadows,The Americas and the Caribbean: The Caribbean: Jamaica,37,44
Lostock & Stretford Meadows,The Americas and the Caribbean: The Caribbean: Other Caribbean,4,45
Lostock & Stretford Meadows,Antarctica and Oceania: Australasia: Australia,17,47
Lostock & Stretford Meadows,Antarctica and Oceania: Australasia: Other Australasia,2,48
Urmston East,Europe: United Kingdom: Total,6957,0
Urmston East,Europe: Guernsey,2,1
Urmston East,Europe: Jersey,2,2
Urmston East,Europe: Isle of Man,4,4
Urmston East,Europe: Ireland,142,5
Urmston East,Europe: Other Europe: EU countries: Member countries in March 2001: France,9,6
Urmston East,Europe: Other Europe: EU countries: Member countries in March 2001: Germany,16,7
Urmston East,Europe: Other Europe: EU countries: Member countries in March 2001: Italy,4,8
Urmston East,Europe: Other Europe: EU countries: Member countries in March 2001: Spain (including Canary Islands),3,10
Urmston East,Europe: Other Europe: EU countries: Member countries in March 2001: Other member countries in March 2001,17,11
Urmston East,Europe: Other Europe: EU countries: Accession countries April 2001 to March 2011: Lithuania,1,12
Urmston East,Europe: Other Europe: EU countries: Accession countries April 2001 to March 2011: Poland,42,13
Urmston East,Europe: Other Europe: EU countries: Accession countries April 2001 to March 2011: Romania,5,14
Urmston East,Europe: Other Europe: EU countries: Accession countries April 2001 to March 2011: Other EU accession countries,19,15
Urmston East,Europe: Other Europe: Rest of Europe: Turkey,1,16
Urmston East,Europe: Other Europe: Rest of Europe: Other Europe,6,17
Urmston East,Africa: Central and Western Africa: Nigeria,2,19
Urmston East,Africa: Central and Western Africa: Other Central and Western Africa,2,20
Urmston East,Africa: South and Eastern Africa: Kenya,1,21
Urmston East,Africa: South and Eastern Africa: South Africa,10,23
Urmston East,Africa: South and Eastern Africa: Zimbabwe,4,24
Urmston East,Africa: South and Eastern Africa: Other South and Eastern Africa,5,25
Urmston East,Middle East and Asia: Middle East: Iran,8,27
Urmston East,Middle East and Asia: Middle East: Other Middle East,8,28
Urmston East,Middle East and Asia: Eastern Asia: China,12,29
Urmston East,Middle East and Asia: Eastern Asia: Hong Kong (Special Administrative Region of China),12,30
Urmston East,Middle East and Asia: Southern Asia: Bangladesh,8,32
Urmston East,Middle East and Asia: Southern Asia: India,29,33
Urmston East,Middle East and Asia: Southern Asia: Pakistan,11,34
Urmston East,Middle East and Asia: Southern Asia: Sri Lanka,4,35
Urmston East,Middle East and Asia: South-East Asia: Philippines,9,37
Urmston East,Middle East and Asia: South-East Asia: Other South-East Asia,16,38
Urmston East,The Americas and the Caribbean: North America: United States,12,40
Urmston East,The Americas and the Caribbean: North America: Other North America,8,41
Urmston East,The Americas and the Caribbean: South America,3,43
Urmston East,The Americas and the Caribbean: The Caribbean: Jamaica,5,44
Urmston East,The Americas and the Caribbean: The Caribbean: Other Caribbean,4,45
Urmston East,Antarctica and Oceania: Australasia: Australia,11,47
Urmston East,Antarctica and Oceania: Australasia: Other Australasia,2,48
Urmston East,Antarctica and Oceania: Other Oceania,2,49
Urmston West,Europe: United Kingdom: Total,6831,0
Urmston West,Europe: Guernsey,1,1
Urmston West,Europe: Jersey,1,2
Urmston West,Europe: Isle of Man,4,4
Urmston West,Europe: Ireland,123,5
Urmston West,Europe: Other Europe: EU countries: Member countries in March 2001: France,3,6
Urmston West,Europe: Other Europe: EU countries: Member countries in March 2001: Germany,15,7
Urmston West,Europe: Other Europe: EU countries: Member countries in March 2001: Italy,1,8
Urmston West,Europe: Other Europe: EU countries: Member countries in March 2001: Spain (including Canary Islands),2,10
Urmston West,Europe: Other Europe: EU countries: Member countries in March 2001: Other member countries in March 2001,8,11
Urmston West,Europe: Other Europe: EU countries: Accession countries April 2001 to March 2011: Poland,13,13
Urmston West,Europe: Other Europe: EU countries: Accession countries April 2001 to March 2011: Other EU accession countries,24,15
Urmston West,Europe: Other Europe: Rest of Europe: Turkey,1,16
Urmston West,Europe: Other Europe: Rest of Europe: Other Europe,7,17
Urmston West,Africa: Central and Western Africa: Ghana,1,18
Urmston West,Africa: Central and Western Africa: Other Central and Western Africa,1,20
Urmston West,Africa: South and Eastern Africa: Kenya,5,21
Urmston West,Africa: South and Eastern Africa: South Africa,3,23
Urmston West,Africa: South and Eastern Africa: Zimbabwe,1,24
Urmston West,Africa: South and Eastern Africa: Other South and Eastern Africa,4,25
Urmston West,Middle East and Asia: Middle East: Iran,11,27
Urmston West,Middle East and Asia: Middle East: Other Middle East,7,28
Urmston West,Middle East and Asia: Eastern Asia: China,15,29
Urmston West,Middle East and Asia: Eastern Asia: Hong Kong (Special Administrative Region of China),12,30
Urmston West,Middle East and Asia: Eastern Asia: Other Eastern Asia,6,31
Urmston West,Middle East and Asia: Southern Asia: Bangladesh,9,32
Urmston West,Middle East and Asia: Southern Asia: India,22,33
Urmston West,Middle East and Asia: Southern Asia: Pakistan,7,34
Urmston West,Middle East and Asia: South-East Asia: Philippines,4,37
Urmston West,Middle East and Asia: South-East Asia: Other South-East Asia,13,38
Urmston West,The Americas and the Caribbean: North America: United States,8,40
Urmston West,The Americas and the Caribbean: North America: Other North America,4,41
Urmston West,The Americas and the Caribbean: The Caribbean: Jamaica,8,44
Urmston West,The Americas and the Caribbean: The Caribbean: Other Caribbean,1,45
Urmston West,Antarctica and Oceania: Australasia: Australia,5,47
Urmston West,Antarctica and Oceania: Australasia: Other Australasia,5,48
Stretford East,Europe: United Kingdom: Total,6982,0
Stretford East,Europe: Jersey,2,2
Stretford East,Europe: Ireland,231,5
Stretford East,Europe: Other Europe: EU countries: Member countries in March 2001: France,7,6
Stretford East,Europe: Other Europe: EU countries: Member countries in March 2001: Germany,31,7
Stretford East,Europe: Other Europe: EU countries: Member countries in March 2001: Italy,7,8
Stretford East,Europe: Other Europe: EU countries: Member countries in March 2001: Portugal,8,9
Stretford East,Europe: Other Europe: EU countries: Member countries in March 2001: Spain (including Canary Islands),14,10
Stretford East,Europe: Other Europe: EU countries: Member countries in March 2001: Other member countries in March 2001,43,11
Stretford East,Europe: Other Europe: EU countries: Accession countries April 2001 to March 2011: Lithuania,11,12
Stretford East,Europe: Other Europe: EU countries: Accession countries April 2001 to March 2011: Poland,180,13
Stretford East,Europe: Other Europe: EU countries: Accession countries April 2001 to March 2011: Romania,1,14
Stretford East,Europe: Other Europe: EU countries: Accession countries April 2001 to March 2011: Other EU accession countries,53,15
Stretford East,Europe: Other Europe: Rest of Europe: Turkey,5,16
Stretford East,Europe: Other Europe: Rest of Europe: Other Europe,11,17
Stretford East,Africa: Central and Western Africa: Ghana,2,18
Stretford East,Africa: Central and Western Africa: Nigeria,20,19
Stretford East,Africa: Central and Western Africa: Other Central and Western Africa,4,20
Stretford East,Africa: South and Eastern Africa: Kenya,18,21
Stretford East,Africa: South and Eastern Africa: South Africa,14,23
Stretford East,Africa: South and Eastern Africa: Zimbabwe,27,24
Stretford East,Africa: South and Eastern Africa: Other South and Eastern Africa,30,25
Stretford East,Africa: Africa not otherwise specified,2,26
Stretford East,Middle East and Asia: Middle East: Iran,2,27
Stretford East,Middle East and Asia: Middle East: Other Middle East,35,28
Stretford East,Middle East and Asia: Eastern Asia: China,17,29
Stretford East,Middle East and Asia: Eastern Asia: Hong Kong (Special Administrative Region of China),11,30
Stretford East,Middle East and Asia: Eastern Asia: Other Eastern Asia,7,31
Stretford East,Middle East and Asia: Southern Asia: Bangladesh,15,32
Stretford East,Middle East and Asia: Southern Asia: India,128,33
Stretford East,Middle East and Asia: Southern Asia: Pakistan,162,34
Stretford East,Middle East and Asia: Southern Asia: Sri Lanka,1,35
Stretford East,Middle East and Asia: Southern Asia: Other Southern Asia,7,36
Stretford East,Middle East and Asia: South-East Asia: Philippines,3,37
Stretford East,Middle East and Asia: South-East Asia: Other South-East Asia,26,38
Stretford East,The Americas and the Caribbean: North America: United States,18,40
Stretford East,The Americas and the Caribbean: North America: Other North America,9,41
Stretford East,The Americas and the Caribbean: South America,9,43
Stretford East,The Americas and the Caribbean: The Caribbean: Jamaica,64,44
Stretford East,The Americas and the Caribbean: The Caribbean: Other Caribbean,11,45
Stretford East,Antarctica and Oceania: Australasia: Australia,13,47
Stretford East,Antarctica and Oceania: Australasia: Other Australasia,2,48
Stretford East,Antarctica and Oceania: Other Oceania,1,49
Sale North,Europe: United Kingdom: Total,7170,0
Sale North,Europe: Jersey,1,2
Sale North,Europe: Isle of Man,3,4
Sale North,Europe: Ireland,118,5
Sale North,Europe: Other Europe: EU countries: Member countries in March 2001: France,19,6
Sale North,Europe: Other Europe: EU countries: Member countries in March 2001: Germany,34,7
Sale North,Europe: Other Europe: EU countries: Member countries in March 2001: Italy,8,8
Sale North,Europe: Other Europe: EU countries: Member countries in March 2001: Portugal,2,9
Sale North,Europe: Other Europe: EU countries: Member countries in March 2001: Spain (including Canary Islands),7,10
Sale North,Europe: Other Europe: EU countries: Member countries in March 2001: Other member countries in March 2001,13,11
Sale North,Europe: Other Europe: EU countries: Accession countries April 2001 to March 2011: Lithuania,2,12
Sale North,Europe: Other Europe: EU countries: Accession countries April 2001 to March 2011: Poland,57,13
Sale North,Europe: Other Europe: EU countries: Accession countries April 2001 to March 2011: Romania,3,14
Sale North,Europe: Other Europe: EU countries: Accession countries April 2001 to March 2011: Other EU accession countries,47,15
Sale North,Europe: Other Europe: Rest of Europe: Turkey,1,16
Sale North,Europe: Other Europe: Rest of Europe: Other Europe,16,17
Sale North,Africa: Central and Western Africa: Ghana,9,18
Sale North,Africa: Central and Western Africa: Nigeria,10,19
Sale North,Africa: Central and Western Africa: Other Central and Western Africa,1,20
Sale North,Africa: South and Eastern Africa: Kenya,12,21
Sale North,Africa: South and Eastern Africa: South Africa,14,23
Sale North,Africa: South and Eastern Africa: Zimbabwe,2,24
Sale North,Africa: South and Eastern Africa: Other South and Eastern Africa,15,25
Sale North,Africa: Africa not otherwise specified,2,26
Sale North,Middle East and Asia: Middle East: Iran,25,27
Sale North,Middle East and Asia: Middle East: Other Middle East,19,28
Sale North,Middle East and Asia: Eastern Asia: China,34,29
Sale North,Middle East and Asia: Eastern Asia: Hong Kong (Special Administrative Region of China),21,30
Sale North,Middle East and Asia: Eastern Asia: Other Eastern Asia,11,31
Sale North,Middle East and Asia: Southern Asia: India,59,33
Sale North,Middle East and Asia: Southern Asia: Pakistan,13,34
Sale North,Middle East and Asia: Southern Asia: Sri Lanka,3,35
Sale North,Middle East and Asia: Southern Asia: Other Southern Asia,2,36
Sale North,Middle East and Asia: South-East Asia: Philippines,1,37
Sale North,Middle East and Asia: South-East Asia: Other South-East Asia,28,38
Sale North,Middle East and Asia: Central Asia,1,39
Sale North,The Americas and the Caribbean: North America: United States,21,40
Sale North,The Americas and the Caribbean: North America: Other North America,9,41
Sale North,The Americas and the Caribbean: Central America,4,42
Sale North,The Americas and the Caribbean: South America,5,43
Sale North,The Americas and the Caribbean: The Caribbean: Jamaica,7,44
Sale North,The Americas and the Caribbean: The Caribbean: Other Caribbean,4,45
Sale North,Antarctica and Oceania: Australasia: Australia,21,47
Sale North,Antarctica and Oceania: Australasia: Other Australasia,3,48
Ashton upon Mersey North,Europe: United Kingdom: Total,6092,0
Ashton upon Mersey North,Europe: Jersey,2,2
Ashton upon Mersey North,Europe: Isle of Man,1,4
Ashton upon Mersey North,Europe: Ireland,101,5
Ashton upon Mersey North,Europe: Other Europe: EU countries: Member countries in March 2001: France,4,6
Ashton upon Mersey North,Europe: Other Europe: EU countries: Member countries in March 2001: Germany,22,7
Ashton upon Mersey North,Europe: Other Europe: EU countries: Member countries in March 2001: Italy,4,8
Ashton upon Mersey North,Europe: Other Europe: EU countries: Member countries in March 2001: Spain (including Canary Islands),4,10
Ashton upon Mersey North,Europe: Other Europe: EU countries: Member countries in March 2001: Other member countries in March 2001,8,11
Ashton upon Mersey North,Europe: Other Europe: EU countries: Accession countries April 2001 to March 2011: Poland,36,13
Ashton upon Mersey North,Europe: Other Europe: EU countries: Accession countries April 2001 to March 2011: Other EU accession countries,19,15
Ashton upon Mersey North,Europe: Other Europe: Rest of Europe: Turkey,4,16
Ashton upon Mersey North,Europe: Other Europe: Rest of Europe: Other Europe,9,17
Ashton upon Mersey North,Africa: Central and Western Africa: Ghana,5,18
Ashton upon Mersey North,Africa: Central and Western Africa: Nigeria,9,19
Ashton upon Mersey North,Africa: Central and Western Africa: Other Central and Western Africa,2,20
Ashton upon Mersey North,Africa: South and Eastern Africa: Kenya,7,21
Ashton upon Mersey North,Africa: South and Eastern Africa: South Africa,5,23
Ashton upon Mersey North,Africa: South and Eastern Africa: Zimbabwe,4,24
Ashton upon Mersey North,Africa: South and Eastern Africa: Other South and Eastern Africa,9,25
Ashton upon Mersey North,Middle East and Asia: Middle East: Iran,31,27
Ashton upon Mersey North,Middle East and Asia: Middle East: Other Middle East,30,28
Ashton upon Mersey North,Middle East and Asia: Eastern Asia: China,12,29
Ashton upon Mersey North,Middle East and Asia: Eastern Asia: Hong Kong (Special Administrative Region of China),7,30
Ashton upon Mersey North,Middle East and Asia: Eastern Asia: Other Eastern Asia,2,31
Ashton upon Mersey North,Middle East and Asia: Southern Asia: India,29,33
Ashton upon Mersey North,Middle East and Asia: Southern Asia: Pakistan,14,34
Ashton upon Mersey North,Middle East and Asia: Southern Asia: Sri Lanka,2,35
Ashton upon Mersey North,Middle East and Asia: Southern Asia: Other Southern Asia,4,36
Ashton upon Mersey North,Middle East and Asia: South-East Asia: Philippines,13,37
Ashton upon Mersey North,Middle East and Asia: South-East Asia: Other South-East Asia,4,38
Ashton upon Mersey North,The Americas and the Caribbean: North America: United States,6,40
Ashton upon Mersey North,The Americas and the Caribbean: North America: Other North America,4,41
Ashton upon Mersey North,The Americas and the Caribbean: Central America,1,42
Ashton upon Mersey North,The Americas and the Caribbean: South America,4,43
Ashton upon Mersey North,The Americas and the Caribbean: The Caribbean: Jamaica,12,44
Ashton upon Mersey North,The Americas and the Caribbean: The Caribbean: Other Caribbean,5,45
Ashton upon Mersey North,Antarctica and Oceania: Australasia: Australia,8,47
Ashton upon Mersey North,Antarctica and Oceania: Australasia: Other Australasia,1,48
Ashton upon Mersey North,Antarctica and Oceania: Other Oceania,2,49
Sale East,Europe: United Kingdom: Total,7154,0
Sale East,Europe: Guernsey,1,1
Sale East,Europe: Jersey,1,2
Sale East,Europe: Channel Islands not otherwise specified,1,3
Sale East,Europe: Isle of Man,5,4
Sale East,Europe: Ireland,105,5
Sale East,Europe: Other Europe: EU countries: Member countries in March 2001: France,22,6
Sale East,Europe: Other Europe: EU countries: Member countries in March 2001: Germany,23,7
Sale East,Europe: Other Europe: EU countries: Member countries in March 2001: Italy,15,8
Sale East,Europe: Other Europe: EU countries: Member countries in March 2001: Portugal,4,9
Sale East,Europe: Other Europe: EU countries: Member countries in March 2001: Spain (including Canary Islands),3,10
Sale East,Europe: Other Europe: EU countries: Member countries in March 2001: Other member countries in March 2001,20,11
Sale East,Europe: Other Europe: EU countries: Accession countries April 2001 to March 2011: Lithuania,1,12
Sale East,Europe: Other Europe: EU countries: Accession countries April 2001 to March 2011: Poland,33,13
Sale East,Europe: Other Europe: EU countries: Accession countries April 2001 to March 2011: Romania,4,14
Sale East,Europe: Other Europe: EU countries: Accession countries April 2001 to March 2011: Other EU accession countries,19,15
Sale East,Europe: Other Europe: Rest of Europe: Turkey,4,16
Sale East,Europe: Other Europe: Rest of Europe: Other Europe,19,17
Sale East,Africa: Central and Western Africa: Ghana,5,18
Sale East,Africa: Central and Western Africa: Nigeria,7,19
Sale East,Africa: Central and Western Africa: Other Central and Western Africa,2,20
Sale East,Africa: South and Eastern Africa: Kenya,13,21
Sale East,Africa: South and Eastern Africa: South Africa,13,23
Sale East,Africa: South and Eastern Africa: Zimbabwe,6,24
Sale East,Africa: South and Eastern Africa: Other South and Eastern Africa,13,25
Sale East,Africa: Africa not otherwise specified,1,26
Sale East,Middle East and Asia: Middle East: Iran,11,27
Sale East,Middle East and Asia: Middle East: Other Middle East,31,28
Sale East,Middle East and Asia: Eastern Asia: China,23,29
Sale East,Middle East and Asia: Eastern Asia: Hong Kong (Special Administrative Region of China),20,30
Sale East,Middle East and Asia: Eastern Asia: Other Eastern Asia,18,31
Sale East,Middle East and Asia: Southern Asia: Bangladesh,7,32
Sale East,Middle East and Asia: Southern Asia: India,87,33
Sale East,Middle East and Asia: Southern Asia: Pakistan,27,34
Sale East,Middle East and Asia: Southern Asia: Sri Lanka,6,35
Sale East,Middle East and Asia: South-East Asia: Philippines,6,37
Sale East,Middle East and Asia: South-East Asia: Other South-East Asia,25,38
Sale East,Middle East and Asia: Central Asia,2,39
Sale East,The Americas and the Caribbean: North America: United States,18,40
Sale East,The Americas and the Caribbean: North America: Other North America,12,41
Sale East,The Americas and the Caribbean: Central America,1,42
Sale East,The Americas and the Caribbean: South America,10,43
Sale East,The Americas and the Caribbean: The Caribbean: Jamaica,2,44
Sale East,The Americas and the Caribbean: The Caribbean: Other Caribbean,2,45
Sale East,Antarctica and Oceania: Australasia: Australia,19,47
Sale East,Antarctica and Oceania: Australasia: Other Australasia,6,48
Sale Central,Europe: United Kingdom: Total,7669,0
Sale Central,Europe: Guernsey,1,1
Sale Central,Europe: Isle of Man,3,4
Sale Central,Europe: Ireland,127,5
Sale Central,Europe: Other Europe: EU countries: Member countries in March 2001: France,23,6
Sale Central,Europe: Other Europe: EU countries: Member countries in March 2001: Germany,40,7
Sale Central,Europe: Other Europe: EU countries: Member countries in March 2001: Italy,13,8
Sale Central,Europe: Other Europe: EU countries: Member countries in March 2001: Portugal,8,9
Sale Central,Europe: Other Europe: EU countries: Member countries in March 2001: Spain (including Canary Islands),17,10
Sale Central,Europe: Other Europe: EU countries: Member countries in March 2001: Other member countries in March 2001,48,11
Sale Central,Europe: Other Europe: EU countries: Accession countries April 2001 to March 2011: Lithuania,6,12
Sale Central,Europe: Other Europe: EU countries: Accession countries April 2001 to March 2011: Poland,86,13
Sale Central,Europe: Other Europe: EU countries: Accession countries April 2001 to March 2011: Other EU accession countries,43,15
Sale Central,Europe: Other Europe: Rest of Europe: Turkey,9,16
Sale Central,Europe: Other Europe: Rest of Europe: Other Europe,27,17
Sale Central,Africa: Central and Western Africa: Ghana,4,18
Sale Central,Africa: Central and Western Africa: Nigeria,13,19
Sale Central,Africa: South and Eastern Africa: Kenya,11,21
Sale Central,Africa: South and Eastern Africa: South Africa,30,23
Sale Central,Africa: South and Eastern Africa: Zimbabwe,10,24
Sale Central,Africa: South and Eastern Africa: Other South and Eastern Africa,13,25
Sale Central,Middle East and Asia: Middle East: Iran,35,27
Sale Central,Middle East and Asia: Middle East: Other Middle East,25,28
Sale Central,Middle East and Asia: Eastern Asia: China,59,29
Sale Central,Middle East and Asia: Eastern Asia: Hong Kong (Special Administrative Region of China),29,30
Sale Central,Middle East and Asia: Eastern Asia: Other Eastern Asia,21,31
Sale Central,Middle East and Asia: Southern Asia: Bangladesh,4,32
Sale Central,Middle East and Asia: Southern Asia: India,244,33
Sale Central,Middle East and Asia: Southern Asia: Pakistan,29,34
Sale Central,Middle East and Asia: Southern Asia: Sri Lanka,5,35
Sale Central,Middle East and Asia: Southern Asia: Other Southern Asia,2,36
Sale Central,Middle East and Asia: South-East Asia: Philippines,4,37
Sale Central,Middle East and Asia: South-East Asia: Other South-East Asia,53,38
Sale Central,Middle East and Asia: Central Asia,3,39
Sale Central,The Americas and the Caribbean: North America: United States,43,40
Sale Central,The Americas and the Caribbean: North America: Other North America,28,41
Sale Central,The Americas and the Caribbean: Central America,2,42
Sale Central,The Americas and the Caribbean: South America,21,43
Sale Central,The Americas and the Caribbean: The Caribbean: Jamaica,21,44
Sale Central,The Americas and the Caribbean: The Caribbean: Other Caribbean,13,45
Sale Central,Antarctica and Oceania: Australasia: Australia,14,47
Sale Central,Antarctica and Oceania: Australasia: Other Australasia,11,48
Sale Central,Antarctica and Oceania: Other Oceania,2,49
Ashton upon Mersey South,Europe: United Kingdom: Total,7015,0
Ashton upon Mersey South,Europe: Isle of Man,3,4
Ashton upon Mersey South,Europe: Ireland,128,5
Ashton upon Mersey South,Europe: Other Europe: EU countries: Member countries in March 2001: France,10,6
Ashton upon Mersey South,Europe: Other Europe: EU countries: Member countries in March 2001: Germany,25,7
Ashton upon Mersey South,Europe: Other Europe: EU countries: Member countries in March 2001: Italy,10,8
Ashton upon Mersey South,Europe: Other Europe: EU countries: Member countries in March 2001: Spain (including Canary Islands),5,10
Ashton upon Mersey South,Europe: Other Europe: EU countries: Member countries in March 2001: Other member countries in March 2001,27,11
Ashton upon Mersey South,Europe: Other Europe: EU countries: Accession countries April 2001 to March 2011: Lithuania,4,12
Ashton upon Mersey South,Europe: Other Europe: EU countries: Accession countries April 2001 to March 2011: Poland,29,13
Ashton upon Mersey South,Europe: Other Europe: EU countries: Accession countries April 2001 to March 2011: Romania,3,14
Ashton upon Mersey South,Europe: Other Europe: EU countries: Accession countries April 2001 to March 2011: Other EU accession countries,27,15
Ashton upon Mersey South,Europe: Other Europe: Rest of Europe: Turkey,5,16
Ashton upon Mersey South,Europe: Other Europe: Rest of Europe: Other Europe,15,17
Ashton upon Mersey South,Africa: Central and Western Africa: Ghana,1,18
Ashton upon Mersey South,Africa: Central and Western Africa: Nigeria,24,19
Ashton upon Mersey South,Africa: Central and Western Africa: Other Central and Western Africa,7,20
Ashton upon Mersey South,Africa: South and Eastern Africa: Kenya,15,21
Ashton upon Mersey South,Africa: South and Eastern Africa: South Africa,11,23
Ashton upon Mersey South,Africa: South and Eastern Africa: Zimbabwe,6,24
Ashton upon Mersey South,Africa: South and Eastern Africa: Other South and Eastern Africa,13,25
Ashton upon Mersey South,Africa: Africa not otherwise specified,1,26
Ashton upon Mersey South,Middle East and Asia: Middle East: Iran,25,27
Ashton upon Mersey South,Middle East and Asia: Middle East: Other Middle East,57,28
Ashton upon Mersey South,Middle East and Asia: Eastern Asia: China,41,29
Ashton upon Mersey South,Middle East and Asia: Eastern Asia: Hong Kong (Special Administrative Region of China),29,30
Ashton upon Mersey South,Middle East and Asia: Eastern Asia: Other Eastern Asia,10,31
Ashton upon Mersey South,Middle East and Asia: Southern Asia: Bangladesh,8,32
Ashton upon Mersey South,Middle East and Asia: Southern Asia: India,130,33
Ashton upon Mersey South,Middle East and Asia: Southern Asia: Pakistan,67,34
Ashton upon Mersey South,Middle East and Asia: Southern Asia: Sri Lanka,1,35
Ashton upon Mersey South,Middle East and Asia: Southern Asia: Other Southern Asia,1,36
Ashton upon Mersey South,Middle East and Asia: South-East Asia: Philippines,10,37
Ashton upon Mersey South,Middle East and Asia: South-East Asia: Other South-East Asia,15,38
Ashton upon Mersey South,Middle East and Asia: Central Asia,1,39
Ashton upon Mersey South,The Americas and the Caribbean: North America: United States,26,40
Ashton upon Mersey South,The Americas and the Caribbean: North America: Other North America,6,41
Ashton upon Mersey South,The Americas and the Caribbean: South America,9,43
Ashton upon Mersey South,The Americas and the Caribbean: The Caribbean: Jamaica,12,44
Ashton upon Mersey South,The Americas and the Caribbean: The Caribbean: Other Caribbean,2,45
Ashton upon Mersey South,Antarctica and Oceania: Australasia: Australia,5,47
Ashton upon Mersey South,Antarctica and Oceania: Australasia: Other Australasia,6,48
Partington,Europe: United Kingdom: Total,7920,0
Partington,Europe: Isle of Man,4,4
Partington,Europe: Ireland,88,5
Partington,Europe: Other Europe: EU countries: Member countries in March 2001: France,11,6
Partington,Europe: Other Europe: EU countries: Member countries in March 2001: Germany,24,7
Partington,Europe: Other Europe: EU countries: Member countries in March 2001: Italy,4,8
Partington,Europe: Other Europe: EU countries: Member countries in March 2001: Portugal,5,9
Partington,Europe: Other Europe: EU countries: Member countries in March 2001: Spain (including Canary Islands),3,10
Partington,Europe: Other Europe: EU countries: Member countries in March 2001: Other member countries in March 2001,26,11
Partington,Europe: Other Europe: EU countries: Accession countries April 2001 to March 2011: Lithuania,6,12
Partington,Europe: Other Europe: EU countries: Accession countries April 2001 to March 2011: Poland,80,13
Partington,Europe: Other Europe: EU countries: Accession countries April 2001 to March 2011: Romania,1,14
Partington,Europe: Other Europe: EU countries: Accession countries April 2001 to March 2011: Other EU accession countries,10,15
Partington,Europe: Other Europe: Rest of Europe: Turkey,5,16
Partington,Europe: Other Europe: Rest of Europe: Other Europe,10,17
Partington,Africa: Central and Western Africa: Ghana,3,18
Partington,Africa: Central and Western Africa: Nigeria,9,19
Partington,Africa: Central and Western Africa: Other Central and Western Africa,23,20
Partington,Africa: South and Eastern Africa: Somalia,3,22
Partington,Africa: South and Eastern Africa: South Africa,20,23
Partington,Africa: South and Eastern Africa: Zimbabwe,13,24
Partington,Africa: South and Eastern Africa: Other South and Eastern Africa,13,25
Partington,Africa: Africa not otherwise specified,3,26
Partington,Middle East and Asia: Middle East: Iran,3,27
Partington,Middle East and Asia: Middle East: Other Middle East,7,28
Partington,Middle East and Asia: Eastern Asia: China,8,29
Partington,Middle East and Asia: Eastern Asia: Hong Kong (Special Administrative Region of China),4,30
Partington,Middle East and Asia: Eastern Asia: Other Eastern Asia,2,31
Partington,Middle East and Asia: Southern Asia: India,10,33
Partington,Middle East and Asia: Southern Asia: Pakistan,8,34
Partington,Middle East and Asia: Southern Asia: Other Southern Asia,1,36
Partington,Middle East and Asia: South-East Asia: Philippines,13,37
Partington,Middle East and Asia: South-East Asia: Other South-East Asia,10,38
Partington,The Americas and the Caribbean: North America: United States,2,40
Partington,The Americas and the Caribbean: North America: Other North America,9,41
Partington,The Americas and the Caribbean: South America,3,43
Partington,The Americas and the Caribbean: The Caribbean: Jamaica,10,44
Partington,The Americas and the Caribbean: The Caribbean: Other Caribbean,7,45
Partington,Antarctica and Oceania: Australasia: Australia,3,47
Partington,Antarctica and Oceania: Australasia: Other Australasia,2,48
Sale Moor,Europe: United Kingdom: Total,7303,0
Sale Moor,Europe: Isle of Man,2,4
Sale Moor,Europe: Ireland,96,5
Sale Moor,Europe: Other Europe: EU countries: Member countries in March 2001: France,12,6
Sale Moor,Europe: Other Europe: EU countries: Member countries in March 2001: Germany,22,7
Sale Moor,Europe: Other Europe: EU countries: Member countries in March 2001: Italy,6,8
Sale Moor,Europe: Other Europe: EU countries: Member countries in March 2001: Portugal,1,9
Sale Moor,Europe: Other Europe: EU countries: Member countries in March 2001: Spain (including Canary Islands),8,10
Sale Moor,Europe: Other Europe: EU countries: Member countries in March 2001: Other member countries in March 2001,17,11
Sale Moor,Europe: Other Europe: EU countries: Accession countries April 2001 to March 2011: Lithuania,1,12
Sale Moor,Europe: Other Europe: EU countries: Accession countries April 2001 to March 2011: Poland,33,13
Sale Moor,Europe: Other Europe: EU countries: Accession countries April 2001 to March 2011: Romania,13,14
Sale Moor,Europe: Other Europe: EU countries: Accession countries April 2001 to March 2011: Other EU accession countries,19,15
Sale Moor,Europe: Other Europe: Rest of Europe: Turkey,2,16
Sale Moor,Europe: Other Europe: Rest of Europe: Other Europe,29,17
Sale Moor,Africa: Central and Western Africa: Nigeria,13,19
Sale Moor,Africa: Central and Western Africa: Other Central and Western Africa,3,20
Sale Moor,Africa: South and Eastern Africa: Kenya,4,21
Sale Moor,Africa: South and Eastern Africa: South Africa,13,23
Sale Moor,Africa: South and Eastern Africa: Zimbabwe,11,24
Sale Moor,Africa: South and Eastern Africa: Other South and Eastern Africa,9,25
Sale Moor,Middle East and Asia: Middle East: Iran,15,27
Sale Moor,Middle East and Asia: Middle East: Other Middle East,61,28
Sale Moor,Middle East and Asia: Eastern Asia: China,28,29
Sale Moor,Middle East and Asia: Eastern Asia: Hong Kong (Special Administrative Region of China),13,30
Sale Moor,Middle East and Asia: Eastern Asia: Other Eastern Asia,16,31
Sale Moor,Middle East and Asia: Southern Asia: Bangladesh,12,32
Sale Moor,Middle East and Asia: Southern Asia: India,55,33
Sale Moor,Middle East and Asia: Southern Asia: Pakistan,24,34
Sale Moor,Middle East and Asia: Southern Asia: Sri Lanka,4,35
Sale Moor,Middle East and Asia: Southern Asia: Other Southern Asia,5,36
Sale Moor,Middle East and Asia: South-East Asia: Other South-East Asia,18,38
Sale Moor,Middle East and Asia: Central Asia,2,39
Sale Moor,The Americas and the Caribbean: North America: United States,4,40
Sale Moor,The Americas and the Caribbean: North America: Other North America,6,41
Sale Moor,The Americas and the Caribbean: Central America,1,42
Sale Moor,The Americas and the Caribbean: South America,6,43
Sale Moor,The Americas and the Caribbean: The Caribbean: Jamaica,11,44
Sale Moor,The Americas and the Caribbean: The Caribbean: Other Caribbean,12,45
Sale Moor,Antarctica and Oceania: Australasia: Australia,5,47
Sale Moor,Antarctica and Oceania: Australasia: Other Australasia,2,48
Sale Moor,Antarctica and Oceania: Other Oceania,1,49
Broadheath & Firsway,Europe: United Kingdom: Total,7797,0
Broadheath & Firsway,Europe: Ireland,114,5
Broadheath & Firsway,Europe: Other Europe: EU countries: Member countries in March 2001: France,4,6
Broadheath & Firsway,Europe: Other Europe: EU countries: Member countries in March 2001: Germany,38,7
Broadheath & Firsway,Europe: Other Europe: EU countries: Member countries in March 2001: Italy,17,8
Broadheath & Firsway,Europe: Other Europe: EU countries: Member countries in March 2001: Portugal,10,9
Broadheath & Firsway,Europe: Other Europe: EU countries: Member countries in March 2001: Spain (including Canary Islands),9,10
Broadheath & Firsway,Europe: Other Europe: EU countries: Member countries in March 2001: Other member countries in March 2001,27,11
Broadheath & Firsway,Europe: Other Europe: EU countries: Accession countries April 2001 to March 2011: Poland,80,13
Broadheath & Firsway,Europe: Other Europe: EU countries: Accession countries April 2001 to March 2011: Romania,3,14
Broadheath & Firsway,Europe: Other Europe: EU countries: Accession countries April 2001 to March 2011: Other EU accession countries,31,15
Broadheath & Firsway,Europe: Other Europe: Rest of Europe: Turkey,7,16
Broadheath & Firsway,Europe: Other Europe: Rest of Europe: Other Europe,29,17
Broadheath & Firsway,Africa: Central and Western Africa: Ghana,3,18
Broadheath & Firsway,Africa: Central and Western Africa: Nigeria,15,19
Broadheath & Firsway,Africa: Central and Western Africa: Other Central and Western Africa,19,20
Broadheath & Firsway,Africa: South and Eastern Africa: Kenya,15,21
Broadheath & Firsway,Africa: South and Eastern Africa: South Africa,14,23
Broadheath & Firsway,Africa: South and Eastern Africa: Zimbabwe,19,24
Broadheath & Firsway,Africa: South and Eastern Africa: Other South and Eastern Africa,28,25
Broadheath & Firsway,Africa: Africa not otherwise specified,1,26
Broadheath & Firsway,Middle East and Asia: Middle East: Iran,20,27
Broadheath & Firsway,Middle East and Asia: Middle East: Other Middle East,33,28
Broadheath & Firsway,Middle East and Asia: Eastern Asia: China,72,29
Broadheath & Firsway,Middle East and Asia: Eastern Asia: Hong Kong (Special Administrative Region of China),34,30
Broadheath & Firsway,Middle East and Asia: Eastern Asia: Other Eastern Asia,15,31
Broadheath & Firsway,Middle East and Asia: Southern Asia: Bangladesh,7,32
Broadheath & Firsway,Middle East and Asia: Southern Asia: India,148,33
Broadheath & Firsway,Middle East and Asia: Southern Asia: Pakistan,55,34
Broadheath & Firsway,Middle East and Asia: Southern Asia: Sri Lanka,4,35
Broadheath & Firsway,Middle East and Asia: Southern Asia: Other Southern Asia,3,36
Broadheath & Firsway,Middle East and Asia: South-East Asia: Philippines,9,37
Broadheath & Firsway,Middle East and Asia: South-East Asia: Other South-East Asia,20,38
Broadheath & Firsway,Middle East and Asia: Central Asia,4,39
Broadheath & Firsway,The Americas and the Caribbean: North America: United States,15,40
Broadheath & Firsway,The Americas and the Caribbean: North America: Other North America,6,41
Broadheath & Firsway,The Americas and the Caribbean: Central America,2,42
Broadheath & Firsway,The Americas and the Caribbean: South America,8,43
Broadheath & Firsway,The Americas and the Caribbean: The Caribbean: Jamaica,33,44
Broadheath & Firsway,The Americas and the Caribbean: The Caribbean: Other Caribbean,9,45
Broadheath & Firsway,Antarctica and Oceania: Australasia: Australia,11,47
Broadheath & Firsway,Antarctica and Oceania: Australasia: Other Australasia,5,48
West Timperley,Europe: United Kingdom: Total,7457,0
West Timperley,Europe: Guernsey,1,1
West Timperley,Europe: Ireland,110,5
West Timperley,Europe: Other Europe: EU countries: Member countries in March 2001: France,1,6
West Timperley,Europe: Other Europe: EU countries: Member countries in March 2001: Germany,39,7
West Timperley,Europe: Other Europe: EU countries: Member countries in March 2001: Italy,6,8
West Timperley,Europe: Other Europe: EU countries: Member countries in March 2001: Portugal,1,9
West Timperley,Europe: Other Europe: EU countries: Member countries in March 2001: Spain (including Canary Islands),9,10
West Timperley,Europe: Other Europe: EU countries: Member countries in March 2001: Other member countries in March 2001,23,11
West Timperley,Europe: Other Europe: EU countries: Accession countries April 2001 to March 2011: Poland,39,13
West Timperley,Europe: Other Europe: EU countries: Accession countries April 2001 to March 2011: Romania,11,14
West Timperley,Europe: Other Europe: EU countries: Accession countries April 2001 to March 2011: Other EU accession countries,21,15
West Timperley,Europe: Other Europe: Rest of Europe: Turkey,3,16
West Timperley,Europe: Other Europe: Rest of Europe: Other Europe,5,17
West Timperley,Africa: Central and Western Africa: Ghana,7,18
West Timperley,Africa: Central and Western Africa: Nigeria,3,19
West Timperley,Africa: Central and Western Africa: Other Central and Western Africa,1,20
West Timperley,Africa: South and Eastern Africa: Kenya,7,21
West Timperley,Africa: South and Eastern Africa: Somalia,2,22
West Timperley,Africa: South and Eastern Africa: South Africa,12,23
West Timperley,Africa: South and Eastern Africa: Zimbabwe,7,24
West Timperley,Africa: South and Eastern Africa: Other South and Eastern Africa,13,25
West Timperley,Africa: Africa not otherwise specified,1,26
West Timperley,Middle East and Asia: Middle East: Iran,19,27
West Timperley,Middle East and Asia: Middle East: Other Middle East,22,28
West Timperley,Middle East and Asia: Eastern Asia: China,62,29
West Timperley,Middle East and Asia: Eastern Asia: Hong Kong (Special Administrative Region of China),21,30
West Timperley,Middle East and Asia: Eastern Asia: Other Eastern Asia,5,31
West Timperley,Middle East and Asia: Southern Asia: India,74,33
West Timperley,Middle East and Asia: Southern Asia: Pakistan,34,34
West Timperley,Middle East and Asia: Southern Asia: Sri Lanka,4,35
West Timperley,Middle East and Asia: Southern Asia: Other Southern Asia,1,36
West Timperley,Middle East and Asia: South-East Asia: Philippines,1,37
West Timperley,Middle East and Asia: South-East Asia: Other South-East Asia,13,38
West Timperley,The Americas and the Caribbean: North America: United States,19,40
West Timperley,The Americas and the Caribbean: North America: Other North America,7,41
West Timperley,The Americas and the Caribbean: South America,7,43
West Timperley,The Americas and the Caribbean: The Caribbean: Jamaica,9,44
West Timperley,The Americas and the Caribbean: The Caribbean: Other Caribbean,2,45
West Timperley,Antarctica and Oceania: Australasia: Australia,18,47
West Timperley,Antarctica and Oceania: Australasia: Other Australasia,7,48
West Timperley,Antarctica and Oceania: Other Oceania,1,49
Timperley North,Europe: United Kingdom: Total,7823,0
Timperley North,Europe: Guernsey,1,1
Timperley North,Europe: Isle of Man,3,4
Timperley North,Europe: Ireland,103,5
Timperley North,Europe: Other Europe: EU countries: Member countries in March 2001: France,7,6
Timperley North,Europe: Other Europe: EU countries: Member countries in March 2001: Germany,32,7
Timperley North,Europe: Other Europe: EU countries: Member countries in March 2001: Italy,9,8
Timperley North,Europe: Other Europe: EU countries: Member countries in March 2001: Portugal,1,9
Timperley North,Europe: Other Europe: EU countries: Member countries in March 2001: Spain (including Canary Islands),3,10
Timperley North,Europe: Other Europe: EU countries: Member countries in March 2001: Other member countries in March 2001,18,11
Timperley North,Europe: Other Europe: EU countries: Accession countries April 2001 to March 2011: Poland,30,13
Timperley North,Europe: Other Europe: EU countries: Accession countries April 2001 to March 2011: Romania,3,14
Timperley North,Europe: Other Europe: EU countries: Accession countries April 2001 to March 2011: Other EU accession countries,13,15
Timperley North,Europe: Other Europe: Rest of Europe: Turkey,6,16
Timperley North,Europe: Other Europe: Rest of Europe: Other Europe,15,17
Timperley North,Africa: Central and Western Africa: Nigeria,9,19
Timperley North,Africa: South and Eastern Africa: Kenya,13,21
Timperley North,Africa: South and Eastern Africa: South Africa,15,23
Timperley North,Africa: South and Eastern Africa: Zimbabwe,5,24
Timperley North,Africa: South and Eastern Africa: Other South and Eastern Africa,13,25
Timperley North,Africa: Africa not otherwise specified,1,26
Timperley North,Middle East and Asia: Middle East: Iran,15,27
Timperley North,Middle East and Asia: Middle East: Other Middle East,16,28
Timperley North,Middle East and Asia: Eastern Asia: China,48,29
Timperley North,Middle East and Asia: Eastern Asia: Hong Kong (Special Administrative Region of China),13,30
Timperley North,Middle East and Asia: Eastern Asia: Other Eastern Asia,3,31
Timperley North,Middle East and Asia: Southern Asia: Bangladesh,10,32
Timperley North,Middle East and Asia: Southern Asia: India,83,33
Timperley North,Middle East and Asia: Southern Asia: Pakistan,27,34
Timperley North,Middle East and Asia: Southern Asia: Sri Lanka,5,35
Timperley North,Middle East and Asia: Southern Asia: Other Southern Asia,3,36
Timperley North,Middle East and Asia: South-East Asia: Philippines,3,37
Timperley North,Middle East and Asia: South-East Asia: Other South-East Asia,23,38
Timperley North,The Americas and the Caribbean: North America: United States,10,40
Timperley North,The Americas and the Caribbean: North America: Other North America,9,41
Timperley North,The Americas and the Caribbean: Central America,1,42
Timperley North,The Americas and the Caribbean: South America,5,43
Timperley North,The Americas and the Caribbean: The Caribbean: Jamaica,3,44
Timperley North,The Americas and the Caribbean: The Caribbean: Other Caribbean,5,45
Timperley North,Antarctica and Oceania: Australasia: Australia,8,47
Timperley North,Antarctica and Oceania: Australasia: Other Australasia,3,48
Timperley North,Antarctica and Oceania: Other Oceania,1,49
Timperley East,Europe: United Kingdom: Total,7651,0
Timperley East,Europe: Guernsey,2,1
Timperley East,Europe: Channel Islands not otherwise specified,1,3
Timperley East,Europe: Isle of Man,3,4
Timperley East,Europe: Ireland,78,5
Timperley East,Europe: Other Europe: EU countries: Member countries in March 2001: France,6,6
Timperley East,Europe: Other Europe: EU countries: Member countries in March 2001: Germany,29,7
Timperley East,Europe: Other Europe: EU countries: Member countries in March 2001: Italy,7,8
Timperley East,Europe: Other Europe: EU countries: Member countries in March 2001: Portugal,3,9
Timperley East,Europe: Other Europe: EU countries: Member countries in March 2001: Spain (including Canary Islands),3,10
Timperley East,Europe: Other Europe: EU countries: Member countries in March 2001: Other member countries in March 2001,13,11
Timperley East,Europe: Other Europe: EU countries: Accession countries April 2001 to March 2011: Lithuania,2,12
Timperley East,Europe: Other Europe: EU countries: Accession countries April 2001 to March 2011: Poland,42,13
Timperley East,Europe: Other Europe: EU countries: Accession countries April 2001 to March 2011: Romania,4,14
Timperley East,Europe: Other Europe: EU countries: Accession countries April 2001 to March 2011: Other EU accession countries,15,15
Timperley East,Europe: Other Europe: Rest of Europe: Turkey,2,16
Timperley East,Europe: Other Europe: Rest of Europe: Other Europe,29,17
Timperley East,Africa: Central and Western Africa: Ghana,2,18
Timperley East,Africa: Central and Western Africa: Nigeria,10,19
Timperley East,Africa: Central and Western Africa: Other Central and Western Africa,2,20
Timperley East,Africa: South and Eastern Africa: Kenya,8,21
Timperley East,Africa: South and Eastern Africa: South Africa,9,23
Timperley East,Africa: South and Eastern Africa: Zimbabwe,10,24
Timperley East,Africa: South and Eastern Africa: Other South and Eastern Africa,15,25
Timperley East,Africa: Africa not otherwise specified,2,26
Timperley East,Middle East and Asia: Middle East: Iran,31,27
Timperley East,Middle East and Asia: Middle East: Other Middle East,25,28
Timperley East,Middle East and Asia: Eastern Asia: China,31,29
Timperley East,Middle East and Asia: Eastern Asia: Hong Kong (Special Administrative Region of China),16,30
Timperley East,Middle East and Asia: Eastern Asia: Other Eastern Asia,1,31
Timperley East,Middle East and Asia: Southern Asia: India,66,33
Timperley East,Middle East and Asia: Southern Asia: Pakistan,41,34
Timperley East,Middle East and Asia: Southern Asia: Sri Lanka,8,35
Timperley East,Middle East and Asia: Southern Asia: Other Southern Asia,3,36
Timperley East,Middle East and Asia: South-East Asia: Philippines,9,37
Timperley East,Middle East and Asia: South-East Asia: Other South-East Asia,18,38
Timperley East,The Americas and the Caribbean: North America: United States,14,40
Timperley East,The Americas and the Caribbean: North America: Other North America,5,41
Timperley East,The Americas and the Caribbean: Central America,1,42
Timperley East,The Americas and the Caribbean: South America,5,43
Timperley East,The Americas and the Caribbean: The Caribbean: Jamaica,9,44
Timperley East,The Americas and the Caribbean: The Caribbean: Other Caribbean,8,45
Timperley East,Antarctica and Oceania: Australasia: Australia,13,47
Timperley East,Antarctica and Oceania: Australasia: Other Australasia,2,48
Timperley South,Europe: United Kingdom: Total,7307,0
Timperley South,Europe: Jersey,1,2
Timperley South,Europe: Channel Islands not otherwise specified,1,3
Timperley South,Europe: Isle of Man,3,4
Timperley South,Europe: Ireland,82,5
Timperley South,Europe: Other Europe: EU countries: Member countries in March 2001: France,12,6
Timperley South,Europe: Other Europe: EU countries: Member countries in March 2001: Germany,13,7
Timperley South,Europe: Other Europe: EU countries: Member countries in March 2001: Italy,6,8
Timperley South,Europe: Other Europe: EU countries: Member countries in March 2001: Spain (including Canary Islands),8,10
Timperley South,Europe: Other Europe: EU countries: Member countries in March 2001: Other member countries in March 2001,14,11
Timperley South,Europe: Other Europe: EU countries: Accession countries April 2001 to March 2011: Lithuania,1,12
Timperley South,Europe: Other Europe: EU countries: Accession countries April 2001 to March 2011: Poland,14,13
Timperley South,Europe: Other Europe: EU countries: Accession countries April 2001 to March 2011: Romania,8,14
Timperley South,Europe: Other Europe: EU countries: Accession countries April 2001 to March 2011: Other EU accession countries,25,15
Timperley South,Europe: Other Europe: Rest of Europe: Turkey,2,16
Timperley South,Europe: Other Europe: Rest of Europe: Other Europe,20,17
Timperley South,Africa: Central and Western Africa: Nigeria,4,19
Timperley South,Africa: Central and Western Africa: Other Central and Western Africa,1,20
Timperley South,Africa: South and Eastern Africa: Kenya,5,21
Timperley South,Africa: South and Eastern Africa: South Africa,14,23
Timperley South,Africa: South and Eastern Africa: Zimbabwe,6,24
Timperley South,Africa: South and Eastern Africa: Other South and Eastern Africa,2,25
Timperley South,Middle East and Asia: Middle East: Iran,17,27
Timperley South,Middle East and Asia: Middle East: Other Middle East,7,28
Timperley South,Middle East and Asia: Eastern Asia: China,10,29
Timperley South,Middle East and Asia: Eastern Asia: Hong Kong (Special Administrative Region of China),21,30
Timperley South,Middle East and Asia: Eastern Asia: Other Eastern Asia,4,31
Timperley South,Middle East and Asia: Southern Asia: Bangladesh,1,32
Timperley South,Middle East and Asia: Southern Asia: India,57,33
Timperley South,Middle East and Asia: Southern Asia: Pakistan,15,34
Timperley South,Middle East and Asia: Southern Asia: Sri Lanka,7,35
Timperley South,Middle East and Asia: South-East Asia: Philippines,2,37
Timperley South,Middle East and Asia: South-East Asia: Other South-East Asia,14,38
Timperley South,The Americas and the Caribbean: North America: United States,7,40
Timperley South,The Americas and the Caribbean: North America: Other North America,8,41
Timperley South,The Americas and the Caribbean: South America,6,43
Timperley South,The Americas and the Caribbean: The Caribbean: Jamaica,3,44
Timperley South,The Americas and the Caribbean: The Caribbean: Other Caribbean,1,45
Timperley South,Antarctica and Oceania: Australasia: Australia,8,47
Timperley South,Antarctica and Oceania: Australasia: Other Australasia,3,48
Altrincham East,Europe: United Kingdom: Total,7964,0
Altrincham East,Europe: Guernsey,1,1
Altrincham East,Europe: Jersey,1,2
Altrincham East,Europe: Isle of Man,7,4
Altrincham East,Europe: Ireland,117,5
Altrincham East,Europe: Other Europe: EU countries: Member countries in March 2001: France,24,6
Altrincham East,Europe: Other Europe: EU countries: Member countries in March 2001: Germany,43,7
Altrincham East,Europe: Other Europe: EU countries: Member countries in March 2001: Italy,14,8
Altrincham East,Europe: Other Europe: EU countries: Member countries in March 2001: Portugal,6,9
Altrincham East,Europe: Other Europe: EU countries: Member countries in March 2001: Spain (including Canary Islands),19,10
Altrincham East,Europe: Other Europe: EU countries: Member countries in March 2001: Other member countries in March 2001,34,11
Altrincham East,Europe: Other Europe: EU countries: Accession countries April 2001 to March 2011: Lithuania,5,12
Altrincham East,Europe: Other Europe: EU countries: Accession countries April 2001 to March 2011: Poland,175,13
Altrincham East,Europe: Other Europe: EU countries: Accession countries April 2001 to March 2011: Romania,10,14
Altrincham East,Europe: Other Europe: EU countries: Accession countries April 2001 to March 2011: Other EU accession countries,70,15
Altrincham East,Europe: Other Europe: Rest of Europe: Turkey,2,16
Altrincham East,Europe: Other Europe: Rest of Europe: Other Europe,27,17
Altrincham East,Africa: Central and Western Africa: Nigeria,15,19
Altrincham East,Africa: Central and Western Africa: Other Central and Western Africa,4,20
Altrincham East,Africa: South and Eastern Africa: Kenya,8,21
Altrincham East,Africa: South and Eastern Africa: South Africa,31,23
Altrincham East,Africa: South and Eastern Africa: Zimbabwe,11,24
Altrincham East,Africa: South and Eastern Africa: Other South and Eastern Africa,20,25
Altrincham East,Africa: Africa not otherwise specified,1,26
Altrincham East,Middle East and Asia: Middle East: Iran,12,27
Altrincham East,Middle East and Asia: Middle East: Other Middle East,19,28
Altrincham East,Middle East and Asia: Eastern Asia: China,34,29
Altrincham East,Middle East and Asia: Eastern Asia: Hong Kong (Special Administrative Region of China),32,30
Altrincham East,Middle East and Asia: Eastern Asia: Other Eastern Asia,13,31
Altrincham East,Middle East and Asia: Southern Asia: Bangladesh,11,32
Altrincham East,Middle East and Asia: Southern Asia: India,105,33
Altrincham East,Middle East and Asia: Southern Asia: Pakistan,30,34
Altrincham East,Middle East and Asia: Southern Asia: Sri Lanka,1,35
Altrincham East,Middle East and Asia: South-East Asia: Philippines,22,37
Altrincham East,Middle East and Asia: South-East Asia: Other South-East Asia,17,38
Altrincham East,Middle East and Asia: Central Asia,2,39
Altrincham East,The Americas and the Caribbean: North America: United States,17,40
Altrincham East,The Americas and the Caribbean: North America: Other North America,14,41
Altrincham East,The Americas and the Caribbean: Central America,1,42
Altrincham East,The Americas and the Caribbean: South America,13,43
Altrincham East,The Americas and the Caribbean: The Caribbean: Jamaica,8,44
Altrincham East,The Americas and the Caribbean: The Caribbean: Other Caribbean,4,45
Altrincham East,Antarctica and Oceania: Australasia: Australia,17,47
Altrincham East,Antarctica and Oceania: Australasia: Other Australasia,13,48
"Altrincham West, Dunham & Warburton",Europe: United Kingdom: Total,7679,0
"Altrincham West, Dunham & Warburton",Europe: Guernsey,2,1
"Altrincham West, Dunham & Warburton",Europe: Jersey,3,2
"Altrincham West, Dunham & Warburton",Europe: Isle of Man,4,4
"Altrincham West, Dunham & Warburton",Europe: Ireland,138,5
"Altrincham West, Dunham & Warburton",Europe: Other Europe: EU countries: Member countries in March 2001: France,35,6
"Altrincham West, Dunham & Warburton",Europe: Other Europe: EU countries: Member countries in March 2001: Germany,34,7
"Altrincham West, Dunham & Warburton",Europe: Other Europe: EU countries: Member countries in March 2001: Italy,11,8
"Altrincham West, Dunham & Warburton",Europe: Other Europe: EU countries: Member countries in March 2001: Portugal,5,9
"Altrincham West, Dunham & Warburton",Europe: Other Europe: EU countries: Member countries in March 2001: Spain (including Canary Islands),12,10
"Altrincham West, Dunham & Warburton",Europe: Other Europe: EU countries: Member countries in March 2001: Other member countries in March 2001,43,11
"Altrincham West, Dunham & Warburton",Europe: Other Europe: EU countries: Accession countries April 2001 to March 2011: Lithuania,1,12
"Altrincham West, Dunham & Warburton",Europe: Other Europe: EU countries: Accession countries April 2001 to March 2011: Poland,64,13
"Altrincham West, Dunham & Warburton",Europe: Other Europe: EU countries: Accession countries April 2001 to March 2011: Romania,7,14
"Altrincham West, Dunham & Warburton",Europe: Other Europe: EU countries: Accession countries April 2001 to March 2011: Other EU accession countries,47,15
"Altrincham West, Dunham & Warburton",Europe: Other Europe: Rest of Europe: Turkey,1,16
"Altrincham West, Dunham & Warburton",Europe: Other Europe: Rest of Europe: Other Europe,31,17
"Altrincham West, Dunham & Warburton",Africa: Central and Western Africa: Ghana,3,18
"Altrincham West, Dunham & Warburton",Africa: Central and Western Africa: Nigeria,5,19
"Altrincham West, Dunham & Warburton",Africa: Central and Western Africa: Other Central and Western Africa,1,20
"Altrincham West, Dunham & Warburton",Africa: South and Eastern Africa: Kenya,9,21
"Altrincham West, Dunham & Warburton",Africa: South and Eastern Africa: Somalia,2,22
"Altrincham West, Dunham & Warburton",Africa: South and Eastern Africa: South Africa,24,23
"Altrincham West, Dunham & Warburton",Africa: South and Eastern Africa: Zimbabwe,3,24
"Altrincham West, Dunham & Warburton",Africa: South and Eastern Africa: Other South and Eastern Africa,14,25
"Altrincham West, Dunham & Warburton",Middle East and Asia: Middle East: Iran,29,27
"Altrincham West, Dunham & Warburton",Middle East and Asia: Middle East: Other Middle East,25,28
"Altrincham West, Dunham & Warburton",Middle East and Asia: Eastern Asia: China,29,29
"Altrincham West, Dunham & Warburton",Middle East and Asia: Eastern Asia: Hong Kong (Special Administrative Region of China),34,30
"Altrincham West, Dunham & Warburton",Middle East and Asia: Eastern Asia: Other Eastern Asia,7,31
"Altrincham West, Dunham & Warburton",Middle East and Asia: Southern Asia: Bangladesh,4,32
"Altrincham West, Dunham & Warburton",Middle East and Asia: Southern Asia: India,102,33
"Altrincham West, Dunham & Warburton",Middle East and Asia: Southern Asia: Pakistan,74,34
"Altrincham West, Dunham & Warburton",Middle East and Asia: Southern Asia: Sri Lanka,4,35
"Altrincham West, Dunham & Warburton",Middle East and Asia: South-East Asia: Philippines,17,37
"Altrincham West, Dunham & Warburton",Middle East and Asia: South-East Asia: Other South-East Asia,17,38
"Altrincham West, Dunham & Warburton",The Americas and the Caribbean: North America: United States,31,40
"Altrincham West, Dunham & Warburton",The Americas and the Caribbean: North America: Other North America,14,41
"Altrincham West, Dunham & Warburton",The Americas and the Caribbean: Central America,2,42
"Altrincham West, Dunham & Warburton",The Americas and the Caribbean: South America,10,43
"Altrincham West, Dunham & Warburton",The Americas and the Caribbean: The Caribbean: Jamaica,2,44
"Altrincham West, Dunham & Warburton",The Americas and the Caribbean: The Caribbean: Other Caribbean,6,45
"Altrincham West, Dunham & Warburton",Antarctica and Oceania: Australasia: Australia,22,47
"Altrincham West, Dunham & Warburton",Antarctica and Oceania: Australasia: Other Australasia,6,48
"Altrincham West, Dunham & Warburton",Antarctica and Oceania: Other Oceania,1,49
Hale,Europe: United Kingdom: Total,7360,0
Hale,Europe: Jersey,1,2
Hale,Europe: Isle of Man,2,4
Hale,Europe: Ireland,116,5
Hale,Europe: Other Europe: EU countries: Member countries in March 2001: France,20,6
Hale,Europe: Other Europe: EU countries: Member countries in March 2001: Germany,42,7
Hale,Europe: Other Europe: EU countries: Member countries in March 2001: Italy,19,8
Hale,Europe: Other Europe: EU countries: Member countries in March 2001: Portugal,2,9
Hale,Europe: Other Europe: EU countries: Member countries in March 2001: Spain (including Canary Islands),14,10
Hale,Europe: Other Europe: EU countries: Member countries in March 2001: Other member countries in March 2001,30,11
Hale,Europe: Other Europe: EU countries: Accession countries April 2001 to March 2011: Lithuania,2,12
Hale,Europe: Other Europe: EU countries: Accession countries April 2001 to March 2011: Poland,15,13
Hale,Europe: Other Europe: EU countries: Accession countries April 2001 to March 2011: Romania,1,14
Hale,Europe: Other Europe: EU countries: Accession countries April 2001 to March 2011: Other EU accession countries,45,15
Hale,Europe: Other Europe: Rest of Europe: Turkey,1,16
Hale,Europe: Other Europe: Rest of Europe: Other Europe,14,17
Hale,Africa: Central and Western Africa: Ghana,1,18
Hale,Africa: Central and Western Africa: Nigeria,2,19
Hale,Africa: Central and Western Africa: Other Central and Western Africa,2,20
Hale,Africa: South and Eastern Africa: Kenya,4,21
Hale,Africa: South and Eastern Africa: Somalia,2,22
Hale,Africa: South and Eastern Africa: South Africa,26,23
Hale,Africa: South and Eastern Africa: Zimbabwe,11,24
Hale,Africa: South and Eastern Africa: Other South and Eastern Africa,28,25
Hale,Middle East and Asia: Middle East: Iran,15,27
Hale,Middle East and Asia: Middle East: Other Middle East,13,28
Hale,Middle East and Asia: Eastern Asia: China,22,29
Hale,Middle East and Asia: Eastern Asia: Hong Kong (Special Administrative Region of China),16,30
Hale,Middle East and Asia: Eastern Asia: Other Eastern Asia,5,31
Hale,Middle East and Asia: Southern Asia: Bangladesh,8,32
Hale,Middle East and Asia: Southern Asia: India,48,33
Hale,Middle East and Asia: Southern Asia: Pakistan,41,34
Hale,Middle East and Asia: Southern Asia: Sri Lanka,5,35
Hale,Middle East and Asia: Southern Asia: Other Southern Asia,6,36
Hale,Middle East and Asia: South-East Asia: Philippines,1,37
Hale,Middle East and Asia: South-East Asia: Other South-East Asia,23,38
Hale,Middle East and Asia: Central Asia,1,39
Hale,The Americas and the Caribbean: North America: United States,32,40
Hale,The Americas and the Caribbean: North America: Other North America,17,41
Hale,The Americas and the Caribbean: Central America,1,42
Hale,The Americas and the Caribbean: South America,9,43
Hale,The Americas and the Caribbean: The Caribbean: Jamaica,1,44
Hale,The Americas and the Caribbean: The Caribbean: Other Caribbean,8,45
Hale,Antarctica and Oceania: Australasia: Australia,36,47
Hale,Antarctica and Oceania: Australasia: Other Australasia,5,48
Bowdon,Europe: United Kingdom: Total,7013,0
Bowdon,Europe: Guernsey,1,1
Bowdon,Europe: Jersey,1,2
Bowdon,Europe: Isle of Man,5,4
Bowdon,Europe: Ireland,113,5
Bowdon,Europe: Other Europe: EU countries: Member countries in March 2001: France,19,6
Bowdon,Europe: Other Europe: EU countries: Member countries in March 2001: Germany,40,7
Bowdon,Europe: Other Europe: EU countries: Member countries in March 2001: Italy,14,8
Bowdon,Europe: Other Europe: EU countries: Member countries in March 2001: Spain (including Canary Islands),23,10
Bowdon,Europe: Other Europe: EU countries: Member countries in March 2001: Other member countries in March 2001,40,11
Bowdon,Europe: Other Europe: EU countries: Accession countries April 2001 to March 2011: Poland,48,13
Bowdon,Europe: Other Europe: EU countries: Accession countries April 2001 to March 2011: Romania,9,14
Bowdon,Europe: Other Europe: EU countries: Accession countries April 2001 to March 2011: Other EU accession countries,58,15
Bowdon,Europe: Other Europe: Rest of Europe: Turkey,5,16
Bowdon,Europe: Other Europe: Rest of Europe: Other Europe,16,17
Bowdon,Africa: Central and Western Africa: Nigeria,3,19
Bowdon,Africa: Central and Western Africa: Other Central and Western Africa,5,20
Bowdon,Africa: South and Eastern Africa: Kenya,7,21
Bowdon,Africa: South and Eastern Africa: Somalia,1,22
Bowdon,Africa: South and Eastern Africa: South Africa,21,23
Bowdon,Africa: South and Eastern Africa: Zimbabwe,8,24
Bowdon,Africa: South and Eastern Africa: Other South and Eastern Africa,5,25
Bowdon,Africa: Africa not otherwise specified,2,26
Bowdon,Middle East and Asia: Middle East: Iran,17,27
Bowdon,Middle East and Asia: Middle East: Other Middle East,25,28
Bowdon,Middle East and Asia: Eastern Asia: China,13,29
Bowdon,Middle East and Asia: Eastern Asia: Hong Kong (Special Administrative Region of China),10,30
Bowdon,Middle East and Asia: Eastern Asia: Other Eastern Asia,9,31
Bowdon,Middle East and Asia: Southern Asia: Bangladesh,2,32
Bowdon,Middle East and Asia: Southern Asia: India,74,33
Bowdon,Middle East and Asia: Southern Asia: Pakistan,45,34
Bowdon,Middle East and Asia: Southern Asia: Other Southern Asia,4,36
Bowdon,Middle East and Asia: South-East Asia: Philippines,15,37
Bowdon,Middle East and Asia: South-East Asia: Other South-East Asia,19,38
Bowdon,Middle East and Asia: Central Asia,4,39
Bowdon,The Americas and the Caribbean: North America: United States,42,40
Bowdon,The Americas and the Caribbean: North America: Other North America,18,41
Bowdon,The Americas and the Caribbean: Central America,4,42
Bowdon,The Americas and the Caribbean: South America,7,43
Bowdon,The Americas and the Caribbean: The Caribbean: Jamaica,3,44
Bowdon,The Americas and the Caribbean: The Caribbean: Other Caribbean,6,45
Bowdon,Antarctica and Oceania: Australasia: Australia,25,47
Bowdon,Antarctica and Oceania: Australasia: Other Australasia,7,48
Bowdon,Antarctica and Oceania: Other Oceania,1,49
Hale Barns,Europe: United Kingdom: Total,6814,0
Hale Barns,Europe: Isle of Man,2,4
Hale Barns,Europe: Ireland,86,5
Hale Barns,Europe: Other Europe: EU countries: Member countries in March 2001: France,10,6
Hale Barns,Europe: Other Europe: EU countries: Member countries in March 2001: Germany,28,7
Hale Barns,Europe: Other Europe: EU countries: Member countries in March 2001: Italy,14,8
Hale Barns,Europe: Other Europe: EU countries: Member countries in March 2001: Portugal,2,9
Hale Barns,Europe: Other Europe: EU countries: Member countries in March 2001: Spain (including Canary Islands),5,10
Hale Barns,Europe: Other Europe: EU countries: Member countries in March 2001: Other member countries in March 2001,34,11
Hale Barns,Europe: Other Europe: EU countries: Accession countries April 2001 to March 2011: Lithuania,3,12
Hale Barns,Europe: Other Europe: EU countries: Accession countries April 2001 to March 2011: Poland,34,13
Hale Barns,Europe: Other Europe: EU countries: Accession countries April 2001 to March 2011: Romania,1,14
Hale Barns,Europe: Other Europe: EU countries: Accession countries April 2001 to March 2011: Other EU accession countries,36,15
Hale Barns,Europe: Other Europe: Rest of Europe: Turkey,3,16
Hale Barns,Europe: Other Europe: Rest of Europe: Other Europe,35,17
Hale Barns,Africa: Central and Western Africa: Ghana,2,18
Hale Barns,Africa: Central and Western Africa: Nigeria,5,19
Hale Barns,Africa: Central and Western Africa: Other Central and Western Africa,2,20
Hale Barns,Africa: South and Eastern Africa: Kenya,15,21
Hale Barns,Africa: South and Eastern Africa: South Africa,10,23
Hale Barns,Africa: South and Eastern Africa: Zimbabwe,3,24
Hale Barns,Africa: South and Eastern Africa: Other South and Eastern Africa,19,25
Hale Barns,Middle East and Asia: Middle East: Iran,63,27
Hale Barns,Middle East and Asia: Middle East: Other Middle East,61,28
Hale Barns,Middle East and Asia: Eastern Asia: China,15,29
Hale Barns,Middle East and Asia: Eastern Asia: Hong Kong (Special Administrative Region of China),31,30
Hale Barns,Middle East and Asia: Eastern Asia: Other Eastern Asia,23,31
Hale Barns,Middle East and Asia: Southern Asia: Bangladesh,16,32
Hale Barns,Middle East and Asia: Southern Asia: India,153,33
Hale Barns,Middle East and Asia: Southern Asia: Pakistan,181,34
Hale Barns,Middle East and Asia: Southern Asia: Sri Lanka,1,35
Hale Barns,Middle East and Asia: Southern Asia: Other Southern Asia,15,36
Hale Barns,Middle East and Asia: South-East Asia: Philippines,29,37
Hale Barns,Middle East and Asia: South-East Asia: Other South-East Asia,18,38
Hale Barns,The Americas and the Caribbean: North America: United States,25,40
Hale Barns,The Americas and the Caribbean: North America: Other North America,12,41
Hale Barns,The Americas and the Caribbean: Central America,4,42
Hale Barns,The Americas and the Caribbean: South America,23,43
Hale Barns,The Americas and the Caribbean: The Caribbean: Jamaica,9,44
Hale Barns,The Americas and the Caribbean: The Caribbean: Other Caribbean,2,45
Hale Barns,Antarctica and Oceania: Australasia: Australia,10,47
Hale Barns,Antarctica and Oceania: Australasia: Other Australasia,5,48
