area_code,area_name,registration_year,nationality,value
E08000009,Trafford,2002,Austria,5
E08000009,Trafford,2003,Austria,6
E08000009,Trafford,2004,Austria,0
E08000009,Trafford,2005,Austria,0
E08000009,Trafford,2006,Austria,0
E08000009,Trafford,2007,Austria,0
E08000009,Trafford,2008,Austria,0
E08000009,Trafford,2009,Austria,5
E08000009,Trafford,2010,Austria,0
E08000009,Trafford,2011,Austria,0
E08000009,Trafford,2012,Austria,0
E08000009,Trafford,2013,Austria,0
E08000009,Trafford,2014,Austria,5
E08000009,Trafford,2015,Austria,5
E08000009,Trafford,2016,Austria,5
E08000009,Trafford,2017,Austria,0
E08000009,Trafford,2018,Austria,6
E08000009,Trafford,2019,Austria,5
E08000009,Trafford,2020,Austria,0
E08000009,Trafford,2002,Belgium,7
E08000009,Trafford,2003,Belgium,8
E08000009,Trafford,2004,Belgium,8
E08000009,Trafford,2005,Belgium,5
E08000009,Trafford,2006,Belgium,5
E08000009,Trafford,2007,Belgium,0
E08000009,Trafford,2008,Belgium,8
E08000009,Trafford,2009,Belgium,10
E08000009,Trafford,2010,Belgium,5
E08000009,Trafford,2011,Belgium,7
E08000009,Trafford,2012,Belgium,8
E08000009,Trafford,2013,Belgium,6
E08000009,Trafford,2014,Belgium,8
E08000009,Trafford,2015,Belgium,10
E08000009,Trafford,2016,Belgium,9
E08000009,Trafford,2017,Belgium,11
E08000009,Trafford,2018,Belgium,0
E08000009,Trafford,2019,Belgium,7
E08000009,Trafford,2020,Belgium,0
E08000009,Trafford,2002,Denmark,5
E08000009,Trafford,2003,Denmark,8
E08000009,Trafford,2004,Denmark,7
E08000009,Trafford,2005,Denmark,0
E08000009,Trafford,2006,Denmark,6
E08000009,Trafford,2007,Denmark,6
E08000009,Trafford,2008,Denmark,0
E08000009,Trafford,2009,Denmark,5
E08000009,Trafford,2010,Denmark,6
E08000009,Trafford,2011,Denmark,6
E08000009,Trafford,2012,Denmark,0
E08000009,Trafford,2013,Denmark,6
E08000009,Trafford,2014,Denmark,0
E08000009,Trafford,2015,Denmark,5
E08000009,Trafford,2016,Denmark,0
E08000009,Trafford,2017,Denmark,6
E08000009,Trafford,2018,Denmark,0
E08000009,Trafford,2019,Denmark,5
E08000009,Trafford,2020,Denmark,0
E08000009,Trafford,2002,Finland,7
E08000009,Trafford,2003,Finland,10
E08000009,Trafford,2004,Finland,5
E08000009,Trafford,2005,Finland,0
E08000009,Trafford,2006,Finland,5
E08000009,Trafford,2007,Finland,6
E08000009,Trafford,2008,Finland,6
E08000009,Trafford,2009,Finland,5
E08000009,Trafford,2010,Finland,5
E08000009,Trafford,2011,Finland,6
E08000009,Trafford,2012,Finland,5
E08000009,Trafford,2013,Finland,0
E08000009,Trafford,2014,Finland,0
E08000009,Trafford,2015,Finland,6
E08000009,Trafford,2016,Finland,5
E08000009,Trafford,2017,Finland,6
E08000009,Trafford,2018,Finland,0
E08000009,Trafford,2019,Finland,0
E08000009,Trafford,2020,Finland,0
E08000009,Trafford,2002,France,35
E08000009,Trafford,2003,France,28
E08000009,Trafford,2004,France,22
E08000009,Trafford,2005,France,21
E08000009,Trafford,2006,France,30
E08000009,Trafford,2007,France,52
E08000009,Trafford,2008,France,45
E08000009,Trafford,2009,France,44
E08000009,Trafford,2010,France,34
E08000009,Trafford,2011,France,42
E08000009,Trafford,2012,France,27
E08000009,Trafford,2013,France,32
E08000009,Trafford,2014,France,42
E08000009,Trafford,2015,France,43
E08000009,Trafford,2016,France,47
E08000009,Trafford,2017,France,28
E08000009,Trafford,2018,France,30
E08000009,Trafford,2019,France,49
E08000009,Trafford,2020,France,15
E08000009,Trafford,2002,Germany,19
E08000009,Trafford,2003,Germany,22
E08000009,Trafford,2004,Germany,21
E08000009,Trafford,2005,Germany,30
E08000009,Trafford,2006,Germany,38
E08000009,Trafford,2007,Germany,32
E08000009,Trafford,2008,Germany,26
E08000009,Trafford,2009,Germany,27
E08000009,Trafford,2010,Germany,20
E08000009,Trafford,2011,Germany,26
E08000009,Trafford,2012,Germany,20
E08000009,Trafford,2013,Germany,10
E08000009,Trafford,2014,Germany,21
E08000009,Trafford,2015,Germany,25
E08000009,Trafford,2016,Germany,12
E08000009,Trafford,2017,Germany,14
E08000009,Trafford,2018,Germany,19
E08000009,Trafford,2019,Germany,12
E08000009,Trafford,2020,Germany,8
E08000009,Trafford,2002,Greece,6
E08000009,Trafford,2003,Greece,8
E08000009,Trafford,2004,Greece,7
E08000009,Trafford,2005,Greece,8
E08000009,Trafford,2006,Greece,11
E08000009,Trafford,2007,Greece,11
E08000009,Trafford,2008,Greece,8
E08000009,Trafford,2009,Greece,9
E08000009,Trafford,2010,Greece,5
E08000009,Trafford,2011,Greece,0
E08000009,Trafford,2012,Greece,0
E08000009,Trafford,2013,Greece,16
E08000009,Trafford,2014,Greece,13
E08000009,Trafford,2015,Greece,23
E08000009,Trafford,2016,Greece,22
E08000009,Trafford,2017,Greece,34
E08000009,Trafford,2018,Greece,24
E08000009,Trafford,2019,Greece,35
E08000009,Trafford,2020,Greece,8
E08000009,Trafford,2002,Italy,13
E08000009,Trafford,2003,Italy,36
E08000009,Trafford,2004,Italy,28
E08000009,Trafford,2005,Italy,31
E08000009,Trafford,2006,Italy,8
E08000009,Trafford,2007,Italy,22
E08000009,Trafford,2008,Italy,27
E08000009,Trafford,2009,Italy,24
E08000009,Trafford,2010,Italy,23
E08000009,Trafford,2011,Italy,34
E08000009,Trafford,2012,Italy,33
E08000009,Trafford,2013,Italy,55
E08000009,Trafford,2014,Italy,98
E08000009,Trafford,2015,Italy,111
E08000009,Trafford,2016,Italy,109
E08000009,Trafford,2017,Italy,80
E08000009,Trafford,2018,Italy,77
E08000009,Trafford,2019,Italy,96
E08000009,Trafford,2020,Italy,21
E08000009,Trafford,2002,Netherlands,12
E08000009,Trafford,2003,Netherlands,15
E08000009,Trafford,2004,Netherlands,22
E08000009,Trafford,2005,Netherlands,15
E08000009,Trafford,2006,Netherlands,9
E08000009,Trafford,2007,Netherlands,21
E08000009,Trafford,2008,Netherlands,10
E08000009,Trafford,2009,Netherlands,12
E08000009,Trafford,2010,Netherlands,17
E08000009,Trafford,2011,Netherlands,15
E08000009,Trafford,2012,Netherlands,9
E08000009,Trafford,2013,Netherlands,13
E08000009,Trafford,2014,Netherlands,25
E08000009,Trafford,2015,Netherlands,29
E08000009,Trafford,2016,Netherlands,30
E08000009,Trafford,2017,Netherlands,12
E08000009,Trafford,2018,Netherlands,13
E08000009,Trafford,2019,Netherlands,15
E08000009,Trafford,2020,Netherlands,0
E08000009,Trafford,2002,Portugal,14
E08000009,Trafford,2003,Portugal,8
E08000009,Trafford,2004,Portugal,10
E08000009,Trafford,2005,Portugal,8
E08000009,Trafford,2006,Portugal,14
E08000009,Trafford,2007,Portugal,25
E08000009,Trafford,2008,Portugal,20
E08000009,Trafford,2009,Portugal,6
E08000009,Trafford,2010,Portugal,11
E08000009,Trafford,2011,Portugal,14
E08000009,Trafford,2012,Portugal,8
E08000009,Trafford,2013,Portugal,33
E08000009,Trafford,2014,Portugal,21
E08000009,Trafford,2015,Portugal,24
E08000009,Trafford,2016,Portugal,25
E08000009,Trafford,2017,Portugal,26
E08000009,Trafford,2018,Portugal,19
E08000009,Trafford,2019,Portugal,30
E08000009,Trafford,2020,Portugal,8
E08000009,Trafford,2002,Ireland,17
E08000009,Trafford,2003,Ireland,44
E08000009,Trafford,2004,Ireland,39
E08000009,Trafford,2005,Ireland,34
E08000009,Trafford,2006,Ireland,24
E08000009,Trafford,2007,Ireland,38
E08000009,Trafford,2008,Ireland,25
E08000009,Trafford,2009,Ireland,12
E08000009,Trafford,2010,Ireland,33
E08000009,Trafford,2011,Ireland,42
E08000009,Trafford,2012,Ireland,32
E08000009,Trafford,2013,Ireland,42
E08000009,Trafford,2014,Ireland,60
E08000009,Trafford,2015,Ireland,64
E08000009,Trafford,2016,Ireland,59
E08000009,Trafford,2017,Ireland,35
E08000009,Trafford,2018,Ireland,19
E08000009,Trafford,2019,Ireland,30
E08000009,Trafford,2020,Ireland,5
E08000009,Trafford,2002,Spain,22
E08000009,Trafford,2003,Spain,21
E08000009,Trafford,2004,Spain,38
E08000009,Trafford,2005,Spain,14
E08000009,Trafford,2006,Spain,17
E08000009,Trafford,2007,Spain,25
E08000009,Trafford,2008,Spain,16
E08000009,Trafford,2009,Spain,31
E08000009,Trafford,2010,Spain,35
E08000009,Trafford,2011,Spain,35
E08000009,Trafford,2012,Spain,69
E08000009,Trafford,2013,Spain,130
E08000009,Trafford,2014,Spain,106
E08000009,Trafford,2015,Spain,115
E08000009,Trafford,2016,Spain,143
E08000009,Trafford,2017,Spain,71
E08000009,Trafford,2018,Spain,69
E08000009,Trafford,2019,Spain,83
E08000009,Trafford,2020,Spain,12
E08000009,Trafford,2002,Sweden,21
E08000009,Trafford,2003,Sweden,10
E08000009,Trafford,2004,Sweden,17
E08000009,Trafford,2005,Sweden,8
E08000009,Trafford,2006,Sweden,6
E08000009,Trafford,2007,Sweden,6
E08000009,Trafford,2008,Sweden,10
E08000009,Trafford,2009,Sweden,10
E08000009,Trafford,2010,Sweden,14
E08000009,Trafford,2011,Sweden,6
E08000009,Trafford,2012,Sweden,0
E08000009,Trafford,2013,Sweden,9
E08000009,Trafford,2014,Sweden,7
E08000009,Trafford,2015,Sweden,5
E08000009,Trafford,2016,Sweden,7
E08000009,Trafford,2017,Sweden,8
E08000009,Trafford,2018,Sweden,8
E08000009,Trafford,2019,Sweden,16
E08000009,Trafford,2020,Sweden,0
E08000009,Trafford,2002,Estonia,0
E08000009,Trafford,2003,Estonia,0
E08000009,Trafford,2004,Estonia,6
E08000009,Trafford,2005,Estonia,0
E08000009,Trafford,2006,Estonia,8
E08000009,Trafford,2007,Estonia,14
E08000009,Trafford,2008,Estonia,0
E08000009,Trafford,2009,Estonia,0
E08000009,Trafford,2010,Estonia,0
E08000009,Trafford,2011,Estonia,0
E08000009,Trafford,2012,Estonia,0
E08000009,Trafford,2013,Estonia,0
E08000009,Trafford,2014,Estonia,0
E08000009,Trafford,2015,Estonia,0
E08000009,Trafford,2016,Estonia,0
E08000009,Trafford,2017,Estonia,0
E08000009,Trafford,2018,Estonia,0
E08000009,Trafford,2019,Estonia,0
E08000009,Trafford,2020,Estonia,0
E08000009,Trafford,2002,Czech Republic,5
E08000009,Trafford,2003,Czech Republic,0
E08000009,Trafford,2004,Czech Republic,21
E08000009,Trafford,2005,Czech Republic,54
E08000009,Trafford,2006,Czech Republic,32
E08000009,Trafford,2007,Czech Republic,61
E08000009,Trafford,2008,Czech Republic,30
E08000009,Trafford,2009,Czech Republic,25
E08000009,Trafford,2010,Czech Republic,45
E08000009,Trafford,2011,Czech Republic,52
E08000009,Trafford,2012,Czech Republic,37
E08000009,Trafford,2013,Czech Republic,71
E08000009,Trafford,2014,Czech Republic,90
E08000009,Trafford,2015,Czech Republic,92
E08000009,Trafford,2016,Czech Republic,65
E08000009,Trafford,2017,Czech Republic,67
E08000009,Trafford,2018,Czech Republic,59
E08000009,Trafford,2019,Czech Republic,51
E08000009,Trafford,2020,Czech Republic,5
E08000009,Trafford,2002,Slovakia,10
E08000009,Trafford,2003,Slovakia,7
E08000009,Trafford,2004,Slovakia,49
E08000009,Trafford,2005,Slovakia,107
E08000009,Trafford,2006,Slovakia,87
E08000009,Trafford,2007,Slovakia,85
E08000009,Trafford,2008,Slovakia,48
E08000009,Trafford,2009,Slovakia,23
E08000009,Trafford,2010,Slovakia,21
E08000009,Trafford,2011,Slovakia,20
E08000009,Trafford,2012,Slovakia,6
E08000009,Trafford,2013,Slovakia,20
E08000009,Trafford,2014,Slovakia,27
E08000009,Trafford,2015,Slovakia,20
E08000009,Trafford,2016,Slovakia,15
E08000009,Trafford,2017,Slovakia,7
E08000009,Trafford,2018,Slovakia,11
E08000009,Trafford,2019,Slovakia,11
E08000009,Trafford,2020,Slovakia,0
E08000009,Trafford,2002,Hungary,0
E08000009,Trafford,2003,Hungary,0
E08000009,Trafford,2004,Hungary,0
E08000009,Trafford,2005,Hungary,32
E08000009,Trafford,2006,Hungary,12
E08000009,Trafford,2007,Hungary,51
E08000009,Trafford,2008,Hungary,24
E08000009,Trafford,2009,Hungary,20
E08000009,Trafford,2010,Hungary,10
E08000009,Trafford,2011,Hungary,25
E08000009,Trafford,2012,Hungary,16
E08000009,Trafford,2013,Hungary,22
E08000009,Trafford,2014,Hungary,25
E08000009,Trafford,2015,Hungary,8
E08000009,Trafford,2016,Hungary,26
E08000009,Trafford,2017,Hungary,12
E08000009,Trafford,2018,Hungary,5
E08000009,Trafford,2019,Hungary,7
E08000009,Trafford,2020,Hungary,0
E08000009,Trafford,2002,Latvia,0
E08000009,Trafford,2003,Latvia,0
E08000009,Trafford,2004,Latvia,0
E08000009,Trafford,2005,Latvia,7
E08000009,Trafford,2006,Latvia,6
E08000009,Trafford,2007,Latvia,6
E08000009,Trafford,2008,Latvia,5
E08000009,Trafford,2009,Latvia,9
E08000009,Trafford,2010,Latvia,5
E08000009,Trafford,2011,Latvia,8
E08000009,Trafford,2012,Latvia,6
E08000009,Trafford,2013,Latvia,5
E08000009,Trafford,2014,Latvia,6
E08000009,Trafford,2015,Latvia,5
E08000009,Trafford,2016,Latvia,8
E08000009,Trafford,2017,Latvia,0
E08000009,Trafford,2018,Latvia,0
E08000009,Trafford,2019,Latvia,5
E08000009,Trafford,2020,Latvia,0
E08000009,Trafford,2002,Lithuania,0
E08000009,Trafford,2003,Lithuania,0
E08000009,Trafford,2004,Lithuania,5
E08000009,Trafford,2005,Lithuania,10
E08000009,Trafford,2006,Lithuania,9
E08000009,Trafford,2007,Lithuania,5
E08000009,Trafford,2008,Lithuania,8
E08000009,Trafford,2009,Lithuania,10
E08000009,Trafford,2010,Lithuania,18
E08000009,Trafford,2011,Lithuania,12
E08000009,Trafford,2012,Lithuania,5
E08000009,Trafford,2013,Lithuania,8
E08000009,Trafford,2014,Lithuania,5
E08000009,Trafford,2015,Lithuania,0
E08000009,Trafford,2016,Lithuania,9
E08000009,Trafford,2017,Lithuania,6
E08000009,Trafford,2018,Lithuania,8
E08000009,Trafford,2019,Lithuania,5
E08000009,Trafford,2020,Lithuania,0
E08000009,Trafford,2002,Poland,5
E08000009,Trafford,2003,Poland,8
E08000009,Trafford,2004,Poland,122
E08000009,Trafford,2005,Poland,485
E08000009,Trafford,2006,Poland,580
E08000009,Trafford,2007,Poland,585
E08000009,Trafford,2008,Poland,338
E08000009,Trafford,2009,Poland,149
E08000009,Trafford,2010,Poland,151
E08000009,Trafford,2011,Poland,186
E08000009,Trafford,2012,Poland,142
E08000009,Trafford,2013,Poland,167
E08000009,Trafford,2014,Poland,176
E08000009,Trafford,2015,Poland,194
E08000009,Trafford,2016,Poland,138
E08000009,Trafford,2017,Poland,112
E08000009,Trafford,2018,Poland,66
E08000009,Trafford,2019,Poland,75
E08000009,Trafford,2020,Poland,7
E08000009,Trafford,2002,Bulgaria,0
E08000009,Trafford,2003,Bulgaria,0
E08000009,Trafford,2004,Bulgaria,0
E08000009,Trafford,2005,Bulgaria,7
E08000009,Trafford,2006,Bulgaria,0
E08000009,Trafford,2007,Bulgaria,12
E08000009,Trafford,2008,Bulgaria,19
E08000009,Trafford,2009,Bulgaria,5
E08000009,Trafford,2010,Bulgaria,7
E08000009,Trafford,2011,Bulgaria,7
E08000009,Trafford,2012,Bulgaria,6
E08000009,Trafford,2013,Bulgaria,5
E08000009,Trafford,2014,Bulgaria,31
E08000009,Trafford,2015,Bulgaria,16
E08000009,Trafford,2016,Bulgaria,34
E08000009,Trafford,2017,Bulgaria,11
E08000009,Trafford,2018,Bulgaria,13
E08000009,Trafford,2019,Bulgaria,18
E08000009,Trafford,2020,Bulgaria,0
E08000009,Trafford,2002,Romania,0
E08000009,Trafford,2003,Romania,0
E08000009,Trafford,2004,Romania,7
E08000009,Trafford,2005,Romania,5
E08000009,Trafford,2006,Romania,0
E08000009,Trafford,2007,Romania,13
E08000009,Trafford,2008,Romania,25
E08000009,Trafford,2009,Romania,16
E08000009,Trafford,2010,Romania,15
E08000009,Trafford,2011,Romania,25
E08000009,Trafford,2012,Romania,14
E08000009,Trafford,2013,Romania,27
E08000009,Trafford,2014,Romania,95
E08000009,Trafford,2015,Romania,99
E08000009,Trafford,2016,Romania,104
E08000009,Trafford,2017,Romania,73
E08000009,Trafford,2018,Romania,94
E08000009,Trafford,2019,Romania,83
E08000009,Trafford,2020,Romania,12
E08000009,Trafford,2002,Malta,0
E08000009,Trafford,2003,Malta,5
E08000009,Trafford,2004,Malta,0
E08000009,Trafford,2005,Malta,0
E08000009,Trafford,2006,Malta,0
E08000009,Trafford,2007,Malta,0
E08000009,Trafford,2008,Malta,0
E08000009,Trafford,2009,Malta,0
E08000009,Trafford,2010,Malta,5
E08000009,Trafford,2011,Malta,0
E08000009,Trafford,2012,Malta,0
E08000009,Trafford,2013,Malta,0
E08000009,Trafford,2014,Malta,0
E08000009,Trafford,2015,Malta,0
E08000009,Trafford,2016,Malta,0
E08000009,Trafford,2017,Malta,0
E08000009,Trafford,2018,Malta,6
E08000009,Trafford,2019,Malta,0
E08000009,Trafford,2020,Malta,0
E08000009,Trafford,2002,Cyprus,0
E08000009,Trafford,2003,Cyprus,0
E08000009,Trafford,2004,Cyprus,0
E08000009,Trafford,2005,Cyprus,0
E08000009,Trafford,2006,Cyprus,0
E08000009,Trafford,2007,Cyprus,0
E08000009,Trafford,2008,Cyprus,0
E08000009,Trafford,2009,Cyprus,0
E08000009,Trafford,2010,Cyprus,0
E08000009,Trafford,2011,Cyprus,5
E08000009,Trafford,2012,Cyprus,0
E08000009,Trafford,2013,Cyprus,0
E08000009,Trafford,2014,Cyprus,10
E08000009,Trafford,2015,Cyprus,6
E08000009,Trafford,2016,Cyprus,0
E08000009,Trafford,2017,Cyprus,0
E08000009,Trafford,2018,Cyprus,0
E08000009,Trafford,2019,Cyprus,6
E08000009,Trafford,2020,Cyprus,0
E08000009,Trafford,2002,Croatia,0
E08000009,Trafford,2003,Croatia,0
E08000009,Trafford,2004,Croatia,0
E08000009,Trafford,2005,Croatia,0
E08000009,Trafford,2006,Croatia,0
E08000009,Trafford,2007,Croatia,0
E08000009,Trafford,2008,Croatia,0
E08000009,Trafford,2009,Croatia,0
E08000009,Trafford,2010,Croatia,0
E08000009,Trafford,2011,Croatia,0
E08000009,Trafford,2012,Croatia,0
E08000009,Trafford,2013,Croatia,0
E08000009,Trafford,2014,Croatia,0
E08000009,Trafford,2015,Croatia,0
E08000009,Trafford,2016,Croatia,0
E08000009,Trafford,2017,Croatia,0
E08000009,Trafford,2018,Croatia,6
E08000009,Trafford,2019,Croatia,0
E08000009,Trafford,2020,Croatia,0
E08000009,Trafford,2002,Switzerland,7
E08000009,Trafford,2003,Switzerland,5
E08000009,Trafford,2004,Switzerland,0
E08000009,Trafford,2005,Switzerland,0
E08000009,Trafford,2006,Switzerland,0
E08000009,Trafford,2007,Switzerland,0
E08000009,Trafford,2008,Switzerland,0
E08000009,Trafford,2009,Switzerland,6
E08000009,Trafford,2010,Switzerland,0
E08000009,Trafford,2011,Switzerland,0
E08000009,Trafford,2012,Switzerland,7
E08000009,Trafford,2013,Switzerland,0
E08000009,Trafford,2014,Switzerland,0
E08000009,Trafford,2015,Switzerland,0
E08000009,Trafford,2016,Switzerland,0
E08000009,Trafford,2017,Switzerland,0
E08000009,Trafford,2018,Switzerland,5
E08000009,Trafford,2019,Switzerland,0
E08000009,Trafford,2020,Switzerland,0
E08000009,Trafford,2002,Norway,12
E08000009,Trafford,2003,Norway,6
E08000009,Trafford,2004,Norway,5
E08000009,Trafford,2005,Norway,0
E08000009,Trafford,2006,Norway,6
E08000009,Trafford,2007,Norway,0
E08000009,Trafford,2008,Norway,0
E08000009,Trafford,2009,Norway,0
E08000009,Trafford,2010,Norway,0
E08000009,Trafford,2011,Norway,0
E08000009,Trafford,2012,Norway,0
E08000009,Trafford,2013,Norway,6
E08000009,Trafford,2014,Norway,0
E08000009,Trafford,2015,Norway,5
E08000009,Trafford,2016,Norway,0
E08000009,Trafford,2017,Norway,0
E08000009,Trafford,2018,Norway,9
E08000009,Trafford,2019,Norway,15
E08000009,Trafford,2020,Norway,6
E08000009,Trafford,2002,Ukraine,0
E08000009,Trafford,2003,Ukraine,5
E08000009,Trafford,2004,Ukraine,0
E08000009,Trafford,2005,Ukraine,6
E08000009,Trafford,2006,Ukraine,0
E08000009,Trafford,2007,Ukraine,7
E08000009,Trafford,2008,Ukraine,6
E08000009,Trafford,2009,Ukraine,5
E08000009,Trafford,2010,Ukraine,0
E08000009,Trafford,2011,Ukraine,5
E08000009,Trafford,2012,Ukraine,0
E08000009,Trafford,2013,Ukraine,0
E08000009,Trafford,2014,Ukraine,0
E08000009,Trafford,2015,Ukraine,0
E08000009,Trafford,2016,Ukraine,0
E08000009,Trafford,2017,Ukraine,0
E08000009,Trafford,2018,Ukraine,0
E08000009,Trafford,2019,Ukraine,0
E08000009,Trafford,2020,Ukraine,7
E08000009,Trafford,2002,Russia,5
E08000009,Trafford,2003,Russia,0
E08000009,Trafford,2004,Russia,6
E08000009,Trafford,2005,Russia,5
E08000009,Trafford,2006,Russia,0
E08000009,Trafford,2007,Russia,7
E08000009,Trafford,2008,Russia,5
E08000009,Trafford,2009,Russia,0
E08000009,Trafford,2010,Russia,5
E08000009,Trafford,2011,Russia,0
E08000009,Trafford,2012,Russia,0
E08000009,Trafford,2013,Russia,0
E08000009,Trafford,2014,Russia,0
E08000009,Trafford,2015,Russia,6
E08000009,Trafford,2016,Russia,0
E08000009,Trafford,2017,Russia,8
E08000009,Trafford,2018,Russia,6
E08000009,Trafford,2019,Russia,8
E08000009,Trafford,2020,Russia,0
E08000009,Trafford,2002,Turkey,13
E08000009,Trafford,2003,Turkey,8
E08000009,Trafford,2004,Turkey,0
E08000009,Trafford,2005,Turkey,12
E08000009,Trafford,2006,Turkey,11
E08000009,Trafford,2007,Turkey,15
E08000009,Trafford,2008,Turkey,17
E08000009,Trafford,2009,Turkey,8
E08000009,Trafford,2010,Turkey,9
E08000009,Trafford,2011,Turkey,8
E08000009,Trafford,2012,Turkey,0
E08000009,Trafford,2013,Turkey,5
E08000009,Trafford,2014,Turkey,9
E08000009,Trafford,2015,Turkey,5
E08000009,Trafford,2016,Turkey,7
E08000009,Trafford,2017,Turkey,0
E08000009,Trafford,2018,Turkey,6
E08000009,Trafford,2019,Turkey,12
E08000009,Trafford,2020,Turkey,17
E08000009,Trafford,2002,Albania,0
E08000009,Trafford,2003,Albania,0
E08000009,Trafford,2004,Albania,0
E08000009,Trafford,2005,Albania,0
E08000009,Trafford,2006,Albania,0
E08000009,Trafford,2007,Albania,0
E08000009,Trafford,2008,Albania,0
E08000009,Trafford,2009,Albania,0
E08000009,Trafford,2010,Albania,0
E08000009,Trafford,2011,Albania,0
E08000009,Trafford,2012,Albania,0
E08000009,Trafford,2013,Albania,0
E08000009,Trafford,2014,Albania,0
E08000009,Trafford,2015,Albania,0
E08000009,Trafford,2016,Albania,0
E08000009,Trafford,2017,Albania,8
E08000009,Trafford,2018,Albania,0
E08000009,Trafford,2019,Albania,5
E08000009,Trafford,2020,Albania,0
E08000009,Trafford,2002,Afghanistan,50
E08000009,Trafford,2003,Afghanistan,7
E08000009,Trafford,2004,Afghanistan,0
E08000009,Trafford,2005,Afghanistan,5
E08000009,Trafford,2006,Afghanistan,0
E08000009,Trafford,2007,Afghanistan,10
E08000009,Trafford,2008,Afghanistan,12
E08000009,Trafford,2009,Afghanistan,9
E08000009,Trafford,2010,Afghanistan,7
E08000009,Trafford,2011,Afghanistan,11
E08000009,Trafford,2012,Afghanistan,0
E08000009,Trafford,2013,Afghanistan,6
E08000009,Trafford,2014,Afghanistan,8
E08000009,Trafford,2015,Afghanistan,0
E08000009,Trafford,2016,Afghanistan,0
E08000009,Trafford,2017,Afghanistan,9
E08000009,Trafford,2018,Afghanistan,5
E08000009,Trafford,2019,Afghanistan,9
E08000009,Trafford,2020,Afghanistan,0
E08000009,Trafford,2002,Iran,15
E08000009,Trafford,2003,Iran,17
E08000009,Trafford,2004,Iran,20
E08000009,Trafford,2005,Iran,18
E08000009,Trafford,2006,Iran,14
E08000009,Trafford,2007,Iran,19
E08000009,Trafford,2008,Iran,12
E08000009,Trafford,2009,Iran,12
E08000009,Trafford,2010,Iran,36
E08000009,Trafford,2011,Iran,24
E08000009,Trafford,2012,Iran,14
E08000009,Trafford,2013,Iran,20
E08000009,Trafford,2014,Iran,17
E08000009,Trafford,2015,Iran,16
E08000009,Trafford,2016,Iran,17
E08000009,Trafford,2017,Iran,27
E08000009,Trafford,2018,Iran,30
E08000009,Trafford,2019,Iran,30
E08000009,Trafford,2020,Iran,28
E08000009,Trafford,2002,Iraq,13
E08000009,Trafford,2003,Iraq,16
E08000009,Trafford,2004,Iraq,8
E08000009,Trafford,2005,Iraq,9
E08000009,Trafford,2006,Iraq,6
E08000009,Trafford,2007,Iraq,13
E08000009,Trafford,2008,Iraq,7
E08000009,Trafford,2009,Iraq,14
E08000009,Trafford,2010,Iraq,7
E08000009,Trafford,2011,Iraq,7
E08000009,Trafford,2012,Iraq,5
E08000009,Trafford,2013,Iraq,0
E08000009,Trafford,2014,Iraq,0
E08000009,Trafford,2015,Iraq,7
E08000009,Trafford,2016,Iraq,7
E08000009,Trafford,2017,Iraq,13
E08000009,Trafford,2018,Iraq,9
E08000009,Trafford,2019,Iraq,12
E08000009,Trafford,2020,Iraq,7
E08000009,Trafford,2002,Israel,0
E08000009,Trafford,2003,Israel,0
E08000009,Trafford,2004,Israel,0
E08000009,Trafford,2005,Israel,0
E08000009,Trafford,2006,Israel,0
E08000009,Trafford,2007,Israel,0
E08000009,Trafford,2008,Israel,0
E08000009,Trafford,2009,Israel,0
E08000009,Trafford,2010,Israel,0
E08000009,Trafford,2011,Israel,0
E08000009,Trafford,2012,Israel,0
E08000009,Trafford,2013,Israel,0
E08000009,Trafford,2014,Israel,0
E08000009,Trafford,2015,Israel,0
E08000009,Trafford,2016,Israel,5
E08000009,Trafford,2017,Israel,0
E08000009,Trafford,2018,Israel,0
E08000009,Trafford,2019,Israel,6
E08000009,Trafford,2020,Israel,0
E08000009,Trafford,2002,Jordan,0
E08000009,Trafford,2003,Jordan,0
E08000009,Trafford,2004,Jordan,0
E08000009,Trafford,2005,Jordan,0
E08000009,Trafford,2006,Jordan,0
E08000009,Trafford,2007,Jordan,6
E08000009,Trafford,2008,Jordan,0
E08000009,Trafford,2009,Jordan,5
E08000009,Trafford,2010,Jordan,0
E08000009,Trafford,2011,Jordan,0
E08000009,Trafford,2012,Jordan,0
E08000009,Trafford,2013,Jordan,0
E08000009,Trafford,2014,Jordan,0
E08000009,Trafford,2015,Jordan,0
E08000009,Trafford,2016,Jordan,0
E08000009,Trafford,2017,Jordan,0
E08000009,Trafford,2018,Jordan,0
E08000009,Trafford,2019,Jordan,5
E08000009,Trafford,2020,Jordan,0
E08000009,Trafford,2002,Kazakhstan,0
E08000009,Trafford,2003,Kazakhstan,0
E08000009,Trafford,2004,Kazakhstan,0
E08000009,Trafford,2005,Kazakhstan,0
E08000009,Trafford,2006,Kazakhstan,0
E08000009,Trafford,2007,Kazakhstan,0
E08000009,Trafford,2008,Kazakhstan,0
E08000009,Trafford,2009,Kazakhstan,0
E08000009,Trafford,2010,Kazakhstan,5
E08000009,Trafford,2011,Kazakhstan,0
E08000009,Trafford,2012,Kazakhstan,0
E08000009,Trafford,2013,Kazakhstan,0
E08000009,Trafford,2014,Kazakhstan,0
E08000009,Trafford,2015,Kazakhstan,0
E08000009,Trafford,2016,Kazakhstan,0
E08000009,Trafford,2017,Kazakhstan,0
E08000009,Trafford,2018,Kazakhstan,0
E08000009,Trafford,2019,Kazakhstan,0
E08000009,Trafford,2020,Kazakhstan,0
E08000009,Trafford,2002,Syria,0
E08000009,Trafford,2003,Syria,0
E08000009,Trafford,2004,Syria,0
E08000009,Trafford,2005,Syria,0
E08000009,Trafford,2006,Syria,0
E08000009,Trafford,2007,Syria,6
E08000009,Trafford,2008,Syria,0
E08000009,Trafford,2009,Syria,5
E08000009,Trafford,2010,Syria,5
E08000009,Trafford,2011,Syria,7
E08000009,Trafford,2012,Syria,5
E08000009,Trafford,2013,Syria,7
E08000009,Trafford,2014,Syria,12
E08000009,Trafford,2015,Syria,13
E08000009,Trafford,2016,Syria,17
E08000009,Trafford,2017,Syria,10
E08000009,Trafford,2018,Syria,5
E08000009,Trafford,2019,Syria,11
E08000009,Trafford,2020,Syria,0
E08000009,Trafford,2002,Yemen,0
E08000009,Trafford,2003,Yemen,0
E08000009,Trafford,2004,Yemen,0
E08000009,Trafford,2005,Yemen,0
E08000009,Trafford,2006,Yemen,0
E08000009,Trafford,2007,Yemen,0
E08000009,Trafford,2008,Yemen,0
E08000009,Trafford,2009,Yemen,0
E08000009,Trafford,2010,Yemen,0
E08000009,Trafford,2011,Yemen,0
E08000009,Trafford,2012,Yemen,0
E08000009,Trafford,2013,Yemen,0
E08000009,Trafford,2014,Yemen,0
E08000009,Trafford,2015,Yemen,0
E08000009,Trafford,2016,Yemen,0
E08000009,Trafford,2017,Yemen,0
E08000009,Trafford,2018,Yemen,0
E08000009,Trafford,2019,Yemen,6
E08000009,Trafford,2020,Yemen,0
E08000009,Trafford,2002,China,34
E08000009,Trafford,2003,China,37
E08000009,Trafford,2004,China,41
E08000009,Trafford,2005,China,26
E08000009,Trafford,2006,China,36
E08000009,Trafford,2007,China,38
E08000009,Trafford,2008,China,40
E08000009,Trafford,2009,China,24
E08000009,Trafford,2010,China,23
E08000009,Trafford,2011,China,31
E08000009,Trafford,2012,China,11
E08000009,Trafford,2013,China,20
E08000009,Trafford,2014,China,20
E08000009,Trafford,2015,China,25
E08000009,Trafford,2016,China,31
E08000009,Trafford,2017,China,20
E08000009,Trafford,2018,China,25
E08000009,Trafford,2019,China,35
E08000009,Trafford,2020,China,25
E08000009,Trafford,2002,Hong Kong,0
E08000009,Trafford,2003,Hong Kong,0
E08000009,Trafford,2004,Hong Kong,0
E08000009,Trafford,2005,Hong Kong,0
E08000009,Trafford,2006,Hong Kong,0
E08000009,Trafford,2007,Hong Kong,0
E08000009,Trafford,2008,Hong Kong,0
E08000009,Trafford,2009,Hong Kong,0
E08000009,Trafford,2010,Hong Kong,0
E08000009,Trafford,2011,Hong Kong,0
E08000009,Trafford,2012,Hong Kong,0
E08000009,Trafford,2013,Hong Kong,0
E08000009,Trafford,2014,Hong Kong,0
E08000009,Trafford,2015,Hong Kong,0
E08000009,Trafford,2016,Hong Kong,0
E08000009,Trafford,2017,Hong Kong,0
E08000009,Trafford,2018,Hong Kong,5
E08000009,Trafford,2019,Hong Kong,11
E08000009,Trafford,2020,Hong Kong,15
E08000009,Trafford,2002,Japan,0
E08000009,Trafford,2003,Japan,5
E08000009,Trafford,2004,Japan,8
E08000009,Trafford,2005,Japan,9
E08000009,Trafford,2006,Japan,0
E08000009,Trafford,2007,Japan,5
E08000009,Trafford,2008,Japan,0
E08000009,Trafford,2009,Japan,7
E08000009,Trafford,2010,Japan,5
E08000009,Trafford,2011,Japan,6
E08000009,Trafford,2012,Japan,7
E08000009,Trafford,2013,Japan,6
E08000009,Trafford,2014,Japan,0
E08000009,Trafford,2015,Japan,8
E08000009,Trafford,2016,Japan,0
E08000009,Trafford,2017,Japan,0
E08000009,Trafford,2018,Japan,6
E08000009,Trafford,2019,Japan,17
E08000009,Trafford,2020,Japan,6
E08000009,Trafford,2002,South Korea,0
E08000009,Trafford,2003,South Korea,6
E08000009,Trafford,2004,South Korea,5
E08000009,Trafford,2005,South Korea,6
E08000009,Trafford,2006,South Korea,5
E08000009,Trafford,2007,South Korea,0
E08000009,Trafford,2008,South Korea,6
E08000009,Trafford,2009,South Korea,10
E08000009,Trafford,2010,South Korea,9
E08000009,Trafford,2011,South Korea,0
E08000009,Trafford,2012,South Korea,0
E08000009,Trafford,2013,South Korea,6
E08000009,Trafford,2014,South Korea,0
E08000009,Trafford,2015,South Korea,0
E08000009,Trafford,2016,South Korea,0
E08000009,Trafford,2017,South Korea,0
E08000009,Trafford,2018,South Korea,0
E08000009,Trafford,2019,South Korea,6
E08000009,Trafford,2020,South Korea,0
E08000009,Trafford,2002,Mongolia,0
E08000009,Trafford,2003,Mongolia,0
E08000009,Trafford,2004,Mongolia,0
E08000009,Trafford,2005,Mongolia,0
E08000009,Trafford,2006,Mongolia,0
E08000009,Trafford,2007,Mongolia,0
E08000009,Trafford,2008,Mongolia,0
E08000009,Trafford,2009,Mongolia,5
E08000009,Trafford,2010,Mongolia,0
E08000009,Trafford,2011,Mongolia,0
E08000009,Trafford,2012,Mongolia,0
E08000009,Trafford,2013,Mongolia,0
E08000009,Trafford,2014,Mongolia,0
E08000009,Trafford,2015,Mongolia,0
E08000009,Trafford,2016,Mongolia,0
E08000009,Trafford,2017,Mongolia,0
E08000009,Trafford,2018,Mongolia,0
E08000009,Trafford,2019,Mongolia,7
E08000009,Trafford,2020,Mongolia,0
E08000009,Trafford,2002,Taiwan,0
E08000009,Trafford,2003,Taiwan,0
E08000009,Trafford,2004,Taiwan,0
E08000009,Trafford,2005,Taiwan,0
E08000009,Trafford,2006,Taiwan,0
E08000009,Trafford,2007,Taiwan,0
E08000009,Trafford,2008,Taiwan,5
E08000009,Trafford,2009,Taiwan,0
E08000009,Trafford,2010,Taiwan,0
E08000009,Trafford,2011,Taiwan,0
E08000009,Trafford,2012,Taiwan,0
E08000009,Trafford,2013,Taiwan,0
E08000009,Trafford,2014,Taiwan,0
E08000009,Trafford,2015,Taiwan,0
E08000009,Trafford,2016,Taiwan,0
E08000009,Trafford,2017,Taiwan,0
E08000009,Trafford,2018,Taiwan,0
E08000009,Trafford,2019,Taiwan,0
E08000009,Trafford,2020,Taiwan,0
E08000009,Trafford,2002,Bangladesh,7
E08000009,Trafford,2003,Bangladesh,0
E08000009,Trafford,2004,Bangladesh,0
E08000009,Trafford,2005,Bangladesh,12
E08000009,Trafford,2006,Bangladesh,8
E08000009,Trafford,2007,Bangladesh,7
E08000009,Trafford,2008,Bangladesh,0
E08000009,Trafford,2009,Bangladesh,9
E08000009,Trafford,2010,Bangladesh,8
E08000009,Trafford,2011,Bangladesh,7
E08000009,Trafford,2012,Bangladesh,0
E08000009,Trafford,2013,Bangladesh,0
E08000009,Trafford,2014,Bangladesh,0
E08000009,Trafford,2015,Bangladesh,0
E08000009,Trafford,2016,Bangladesh,0
E08000009,Trafford,2017,Bangladesh,0
E08000009,Trafford,2018,Bangladesh,0
E08000009,Trafford,2019,Bangladesh,0
E08000009,Trafford,2020,Bangladesh,0
E08000009,Trafford,2002,India,115
E08000009,Trafford,2003,India,106
E08000009,Trafford,2004,India,87
E08000009,Trafford,2005,India,147
E08000009,Trafford,2006,India,119
E08000009,Trafford,2007,India,177
E08000009,Trafford,2008,India,181
E08000009,Trafford,2009,India,140
E08000009,Trafford,2010,India,116
E08000009,Trafford,2011,India,112
E08000009,Trafford,2012,India,88
E08000009,Trafford,2013,India,141
E08000009,Trafford,2014,India,152
E08000009,Trafford,2015,India,196
E08000009,Trafford,2016,India,177
E08000009,Trafford,2017,India,141
E08000009,Trafford,2018,India,143
E08000009,Trafford,2019,India,211
E08000009,Trafford,2020,India,145
E08000009,Trafford,2002,Nepal,0
E08000009,Trafford,2003,Nepal,0
E08000009,Trafford,2004,Nepal,0
E08000009,Trafford,2005,Nepal,0
E08000009,Trafford,2006,Nepal,5
E08000009,Trafford,2007,Nepal,0
E08000009,Trafford,2008,Nepal,0
E08000009,Trafford,2009,Nepal,0
E08000009,Trafford,2010,Nepal,0
E08000009,Trafford,2011,Nepal,0
E08000009,Trafford,2012,Nepal,0
E08000009,Trafford,2013,Nepal,0
E08000009,Trafford,2014,Nepal,0
E08000009,Trafford,2015,Nepal,0
E08000009,Trafford,2016,Nepal,0
E08000009,Trafford,2017,Nepal,0
E08000009,Trafford,2018,Nepal,0
E08000009,Trafford,2019,Nepal,0
E08000009,Trafford,2020,Nepal,0
E08000009,Trafford,2002,Pakistan,92
E08000009,Trafford,2003,Pakistan,66
E08000009,Trafford,2004,Pakistan,85
E08000009,Trafford,2005,Pakistan,88
E08000009,Trafford,2006,Pakistan,84
E08000009,Trafford,2007,Pakistan,119
E08000009,Trafford,2008,Pakistan,78
E08000009,Trafford,2009,Pakistan,81
E08000009,Trafford,2010,Pakistan,137
E08000009,Trafford,2011,Pakistan,186
E08000009,Trafford,2012,Pakistan,65
E08000009,Trafford,2013,Pakistan,72
E08000009,Trafford,2014,Pakistan,70
E08000009,Trafford,2015,Pakistan,62
E08000009,Trafford,2016,Pakistan,65
E08000009,Trafford,2017,Pakistan,67
E08000009,Trafford,2018,Pakistan,60
E08000009,Trafford,2019,Pakistan,85
E08000009,Trafford,2020,Pakistan,69
E08000009,Trafford,2002,Sri Lanka,0
E08000009,Trafford,2003,Sri Lanka,6
E08000009,Trafford,2004,Sri Lanka,0
E08000009,Trafford,2005,Sri Lanka,0
E08000009,Trafford,2006,Sri Lanka,0
E08000009,Trafford,2007,Sri Lanka,0
E08000009,Trafford,2008,Sri Lanka,0
E08000009,Trafford,2009,Sri Lanka,0
E08000009,Trafford,2010,Sri Lanka,0
E08000009,Trafford,2011,Sri Lanka,0
E08000009,Trafford,2012,Sri Lanka,0
E08000009,Trafford,2013,Sri Lanka,0
E08000009,Trafford,2014,Sri Lanka,0
E08000009,Trafford,2015,Sri Lanka,0
E08000009,Trafford,2016,Sri Lanka,0
E08000009,Trafford,2017,Sri Lanka,0
E08000009,Trafford,2018,Sri Lanka,6
E08000009,Trafford,2019,Sri Lanka,0
E08000009,Trafford,2020,Sri Lanka,5
E08000009,Trafford,2002,Indonesia,0
E08000009,Trafford,2003,Indonesia,0
E08000009,Trafford,2004,Indonesia,0
E08000009,Trafford,2005,Indonesia,0
E08000009,Trafford,2006,Indonesia,0
E08000009,Trafford,2007,Indonesia,0
E08000009,Trafford,2008,Indonesia,6
E08000009,Trafford,2009,Indonesia,0
E08000009,Trafford,2010,Indonesia,0
E08000009,Trafford,2011,Indonesia,0
E08000009,Trafford,2012,Indonesia,0
E08000009,Trafford,2013,Indonesia,0
E08000009,Trafford,2014,Indonesia,0
E08000009,Trafford,2015,Indonesia,0
E08000009,Trafford,2016,Indonesia,0
E08000009,Trafford,2017,Indonesia,0
E08000009,Trafford,2018,Indonesia,0
E08000009,Trafford,2019,Indonesia,0
E08000009,Trafford,2020,Indonesia,0
E08000009,Trafford,2002,Malaysia,9
E08000009,Trafford,2003,Malaysia,11
E08000009,Trafford,2004,Malaysia,28
E08000009,Trafford,2005,Malaysia,39
E08000009,Trafford,2006,Malaysia,19
E08000009,Trafford,2007,Malaysia,17
E08000009,Trafford,2008,Malaysia,17
E08000009,Trafford,2009,Malaysia,5
E08000009,Trafford,2010,Malaysia,0
E08000009,Trafford,2011,Malaysia,0
E08000009,Trafford,2012,Malaysia,0
E08000009,Trafford,2013,Malaysia,0
E08000009,Trafford,2014,Malaysia,9
E08000009,Trafford,2015,Malaysia,6
E08000009,Trafford,2016,Malaysia,8
E08000009,Trafford,2017,Malaysia,5
E08000009,Trafford,2018,Malaysia,5
E08000009,Trafford,2019,Malaysia,6
E08000009,Trafford,2020,Malaysia,0
E08000009,Trafford,2002,Philippines,12
E08000009,Trafford,2003,Philippines,7
E08000009,Trafford,2004,Philippines,16
E08000009,Trafford,2005,Philippines,16
E08000009,Trafford,2006,Philippines,22
E08000009,Trafford,2007,Philippines,17
E08000009,Trafford,2008,Philippines,31
E08000009,Trafford,2009,Philippines,12
E08000009,Trafford,2010,Philippines,15
E08000009,Trafford,2011,Philippines,21
E08000009,Trafford,2012,Philippines,5
E08000009,Trafford,2013,Philippines,5
E08000009,Trafford,2014,Philippines,0
E08000009,Trafford,2015,Philippines,0
E08000009,Trafford,2016,Philippines,5
E08000009,Trafford,2017,Philippines,7
E08000009,Trafford,2018,Philippines,5
E08000009,Trafford,2019,Philippines,15
E08000009,Trafford,2020,Philippines,0
E08000009,Trafford,2002,Thailand,16
E08000009,Trafford,2003,Thailand,6
E08000009,Trafford,2004,Thailand,10
E08000009,Trafford,2005,Thailand,7
E08000009,Trafford,2006,Thailand,5
E08000009,Trafford,2007,Thailand,11
E08000009,Trafford,2008,Thailand,7
E08000009,Trafford,2009,Thailand,9
E08000009,Trafford,2010,Thailand,10
E08000009,Trafford,2011,Thailand,5
E08000009,Trafford,2012,Thailand,5
E08000009,Trafford,2013,Thailand,5
E08000009,Trafford,2014,Thailand,0
E08000009,Trafford,2015,Thailand,5
E08000009,Trafford,2016,Thailand,0
E08000009,Trafford,2017,Thailand,0
E08000009,Trafford,2018,Thailand,7
E08000009,Trafford,2019,Thailand,5
E08000009,Trafford,2020,Thailand,0
E08000009,Trafford,2002,Vietnam,0
E08000009,Trafford,2003,Vietnam,0
E08000009,Trafford,2004,Vietnam,5
E08000009,Trafford,2005,Vietnam,0
E08000009,Trafford,2006,Vietnam,0
E08000009,Trafford,2007,Vietnam,0
E08000009,Trafford,2008,Vietnam,0
E08000009,Trafford,2009,Vietnam,0
E08000009,Trafford,2010,Vietnam,0
E08000009,Trafford,2011,Vietnam,0
E08000009,Trafford,2012,Vietnam,0
E08000009,Trafford,2013,Vietnam,0
E08000009,Trafford,2014,Vietnam,0
E08000009,Trafford,2015,Vietnam,5
E08000009,Trafford,2016,Vietnam,0
E08000009,Trafford,2017,Vietnam,0
E08000009,Trafford,2018,Vietnam,5
E08000009,Trafford,2019,Vietnam,9
E08000009,Trafford,2020,Vietnam,0
E08000009,Trafford,2002,Burundi,0
E08000009,Trafford,2003,Burundi,6
E08000009,Trafford,2004,Burundi,0
E08000009,Trafford,2005,Burundi,0
E08000009,Trafford,2006,Burundi,0
E08000009,Trafford,2007,Burundi,0
E08000009,Trafford,2008,Burundi,0
E08000009,Trafford,2009,Burundi,0
E08000009,Trafford,2010,Burundi,0
E08000009,Trafford,2011,Burundi,0
E08000009,Trafford,2012,Burundi,0
E08000009,Trafford,2013,Burundi,0
E08000009,Trafford,2014,Burundi,0
E08000009,Trafford,2015,Burundi,0
E08000009,Trafford,2016,Burundi,0
E08000009,Trafford,2017,Burundi,0
E08000009,Trafford,2018,Burundi,0
E08000009,Trafford,2019,Burundi,0
E08000009,Trafford,2020,Burundi,0
E08000009,Trafford,2002,Cameroon,0
E08000009,Trafford,2003,Cameroon,6
E08000009,Trafford,2004,Cameroon,0
E08000009,Trafford,2005,Cameroon,5
E08000009,Trafford,2006,Cameroon,0
E08000009,Trafford,2007,Cameroon,0
E08000009,Trafford,2008,Cameroon,0
E08000009,Trafford,2009,Cameroon,0
E08000009,Trafford,2010,Cameroon,0
E08000009,Trafford,2011,Cameroon,0
E08000009,Trafford,2012,Cameroon,6
E08000009,Trafford,2013,Cameroon,0
E08000009,Trafford,2014,Cameroon,7
E08000009,Trafford,2015,Cameroon,0
E08000009,Trafford,2016,Cameroon,0
E08000009,Trafford,2017,Cameroon,0
E08000009,Trafford,2018,Cameroon,0
E08000009,Trafford,2019,Cameroon,0
E08000009,Trafford,2020,Cameroon,0
E08000009,Trafford,2002,Congo,0
E08000009,Trafford,2003,Congo,0
E08000009,Trafford,2004,Congo,0
E08000009,Trafford,2005,Congo,0
E08000009,Trafford,2006,Congo,5
E08000009,Trafford,2007,Congo,7
E08000009,Trafford,2008,Congo,6
E08000009,Trafford,2009,Congo,0
E08000009,Trafford,2010,Congo,0
E08000009,Trafford,2011,Congo,0
E08000009,Trafford,2012,Congo,0
E08000009,Trafford,2013,Congo,0
E08000009,Trafford,2014,Congo,0
E08000009,Trafford,2015,Congo,0
E08000009,Trafford,2016,Congo,0
E08000009,Trafford,2017,Congo,0
E08000009,Trafford,2018,Congo,0
E08000009,Trafford,2019,Congo,0
E08000009,Trafford,2020,Congo,0
E08000009,Trafford,2002,Eritrea,0
E08000009,Trafford,2003,Eritrea,0
E08000009,Trafford,2004,Eritrea,0
E08000009,Trafford,2005,Eritrea,5
E08000009,Trafford,2006,Eritrea,6
E08000009,Trafford,2007,Eritrea,0
E08000009,Trafford,2008,Eritrea,0
E08000009,Trafford,2009,Eritrea,7
E08000009,Trafford,2010,Eritrea,7
E08000009,Trafford,2011,Eritrea,8
E08000009,Trafford,2012,Eritrea,6
E08000009,Trafford,2013,Eritrea,0
E08000009,Trafford,2014,Eritrea,5
E08000009,Trafford,2015,Eritrea,0
E08000009,Trafford,2016,Eritrea,5
E08000009,Trafford,2017,Eritrea,7
E08000009,Trafford,2018,Eritrea,11
E08000009,Trafford,2019,Eritrea,8
E08000009,Trafford,2020,Eritrea,9
E08000009,Trafford,2002,Ethiopia,0
E08000009,Trafford,2003,Ethiopia,0
E08000009,Trafford,2004,Ethiopia,0
E08000009,Trafford,2005,Ethiopia,0
E08000009,Trafford,2006,Ethiopia,0
E08000009,Trafford,2007,Ethiopia,0
E08000009,Trafford,2008,Ethiopia,0
E08000009,Trafford,2009,Ethiopia,0
E08000009,Trafford,2010,Ethiopia,0
E08000009,Trafford,2011,Ethiopia,0
E08000009,Trafford,2012,Ethiopia,0
E08000009,Trafford,2013,Ethiopia,0
E08000009,Trafford,2014,Ethiopia,0
E08000009,Trafford,2015,Ethiopia,0
E08000009,Trafford,2016,Ethiopia,0
E08000009,Trafford,2017,Ethiopia,0
E08000009,Trafford,2018,Ethiopia,0
E08000009,Trafford,2019,Ethiopia,0
E08000009,Trafford,2020,Ethiopia,5
E08000009,Trafford,2002,Gambia,0
E08000009,Trafford,2003,Gambia,0
E08000009,Trafford,2004,Gambia,0
E08000009,Trafford,2005,Gambia,0
E08000009,Trafford,2006,Gambia,0
E08000009,Trafford,2007,Gambia,0
E08000009,Trafford,2008,Gambia,0
E08000009,Trafford,2009,Gambia,0
E08000009,Trafford,2010,Gambia,6
E08000009,Trafford,2011,Gambia,0
E08000009,Trafford,2012,Gambia,0
E08000009,Trafford,2013,Gambia,0
E08000009,Trafford,2014,Gambia,0
E08000009,Trafford,2015,Gambia,7
E08000009,Trafford,2016,Gambia,0
E08000009,Trafford,2017,Gambia,0
E08000009,Trafford,2018,Gambia,0
E08000009,Trafford,2019,Gambia,0
E08000009,Trafford,2020,Gambia,0
E08000009,Trafford,2002,Ghana,5
E08000009,Trafford,2003,Ghana,8
E08000009,Trafford,2004,Ghana,10
E08000009,Trafford,2005,Ghana,7
E08000009,Trafford,2006,Ghana,5
E08000009,Trafford,2007,Ghana,0
E08000009,Trafford,2008,Ghana,6
E08000009,Trafford,2009,Ghana,0
E08000009,Trafford,2010,Ghana,0
E08000009,Trafford,2011,Ghana,7
E08000009,Trafford,2012,Ghana,8
E08000009,Trafford,2013,Ghana,0
E08000009,Trafford,2014,Ghana,6
E08000009,Trafford,2015,Ghana,0
E08000009,Trafford,2016,Ghana,0
E08000009,Trafford,2017,Ghana,0
E08000009,Trafford,2018,Ghana,0
E08000009,Trafford,2019,Ghana,6
E08000009,Trafford,2020,Ghana,0
E08000009,Trafford,2002,Kenya,0
E08000009,Trafford,2003,Kenya,0
E08000009,Trafford,2004,Kenya,0
E08000009,Trafford,2005,Kenya,0
E08000009,Trafford,2006,Kenya,5
E08000009,Trafford,2007,Kenya,5
E08000009,Trafford,2008,Kenya,0
E08000009,Trafford,2009,Kenya,0
E08000009,Trafford,2010,Kenya,0
E08000009,Trafford,2011,Kenya,8
E08000009,Trafford,2012,Kenya,0
E08000009,Trafford,2013,Kenya,0
E08000009,Trafford,2014,Kenya,0
E08000009,Trafford,2015,Kenya,0
E08000009,Trafford,2016,Kenya,0
E08000009,Trafford,2017,Kenya,0
E08000009,Trafford,2018,Kenya,0
E08000009,Trafford,2019,Kenya,0
E08000009,Trafford,2020,Kenya,0
E08000009,Trafford,2002,Malawi,5
E08000009,Trafford,2003,Malawi,5
E08000009,Trafford,2004,Malawi,0
E08000009,Trafford,2005,Malawi,7
E08000009,Trafford,2006,Malawi,0
E08000009,Trafford,2007,Malawi,0
E08000009,Trafford,2008,Malawi,0
E08000009,Trafford,2009,Malawi,0
E08000009,Trafford,2010,Malawi,0
E08000009,Trafford,2011,Malawi,0
E08000009,Trafford,2012,Malawi,0
E08000009,Trafford,2013,Malawi,0
E08000009,Trafford,2014,Malawi,0
E08000009,Trafford,2015,Malawi,0
E08000009,Trafford,2016,Malawi,0
E08000009,Trafford,2017,Malawi,0
E08000009,Trafford,2018,Malawi,0
E08000009,Trafford,2019,Malawi,0
E08000009,Trafford,2020,Malawi,0
E08000009,Trafford,2002,Nigeria,9
E08000009,Trafford,2003,Nigeria,14
E08000009,Trafford,2004,Nigeria,14
E08000009,Trafford,2005,Nigeria,25
E08000009,Trafford,2006,Nigeria,15
E08000009,Trafford,2007,Nigeria,16
E08000009,Trafford,2008,Nigeria,19
E08000009,Trafford,2009,Nigeria,15
E08000009,Trafford,2010,Nigeria,23
E08000009,Trafford,2011,Nigeria,15
E08000009,Trafford,2012,Nigeria,15
E08000009,Trafford,2013,Nigeria,17
E08000009,Trafford,2014,Nigeria,19
E08000009,Trafford,2015,Nigeria,12
E08000009,Trafford,2016,Nigeria,6
E08000009,Trafford,2017,Nigeria,9
E08000009,Trafford,2018,Nigeria,16
E08000009,Trafford,2019,Nigeria,8
E08000009,Trafford,2020,Nigeria,16
E08000009,Trafford,2002,Somalia,18
E08000009,Trafford,2003,Somalia,17
E08000009,Trafford,2004,Somalia,14
E08000009,Trafford,2005,Somalia,19
E08000009,Trafford,2006,Somalia,11
E08000009,Trafford,2007,Somalia,10
E08000009,Trafford,2008,Somalia,6
E08000009,Trafford,2009,Somalia,12
E08000009,Trafford,2010,Somalia,8
E08000009,Trafford,2011,Somalia,9
E08000009,Trafford,2012,Somalia,5
E08000009,Trafford,2013,Somalia,0
E08000009,Trafford,2014,Somalia,0
E08000009,Trafford,2015,Somalia,5
E08000009,Trafford,2016,Somalia,5
E08000009,Trafford,2017,Somalia,0
E08000009,Trafford,2018,Somalia,5
E08000009,Trafford,2019,Somalia,0
E08000009,Trafford,2020,Somalia,0
E08000009,Trafford,2002,South Africa,31
E08000009,Trafford,2003,South Africa,32
E08000009,Trafford,2004,South Africa,23
E08000009,Trafford,2005,South Africa,59
E08000009,Trafford,2006,South Africa,51
E08000009,Trafford,2007,South Africa,31
E08000009,Trafford,2008,South Africa,13
E08000009,Trafford,2009,South Africa,8
E08000009,Trafford,2010,South Africa,6
E08000009,Trafford,2011,South Africa,5
E08000009,Trafford,2012,South Africa,0
E08000009,Trafford,2013,South Africa,5
E08000009,Trafford,2014,South Africa,9
E08000009,Trafford,2015,South Africa,8
E08000009,Trafford,2016,South Africa,10
E08000009,Trafford,2017,South Africa,0
E08000009,Trafford,2018,South Africa,5
E08000009,Trafford,2019,South Africa,10
E08000009,Trafford,2020,South Africa,10
E08000009,Trafford,2002,Tanzania,5
E08000009,Trafford,2003,Tanzania,0
E08000009,Trafford,2004,Tanzania,5
E08000009,Trafford,2005,Tanzania,8
E08000009,Trafford,2006,Tanzania,0
E08000009,Trafford,2007,Tanzania,6
E08000009,Trafford,2008,Tanzania,0
E08000009,Trafford,2009,Tanzania,0
E08000009,Trafford,2010,Tanzania,0
E08000009,Trafford,2011,Tanzania,0
E08000009,Trafford,2012,Tanzania,0
E08000009,Trafford,2013,Tanzania,0
E08000009,Trafford,2014,Tanzania,0
E08000009,Trafford,2015,Tanzania,0
E08000009,Trafford,2016,Tanzania,0
E08000009,Trafford,2017,Tanzania,0
E08000009,Trafford,2018,Tanzania,0
E08000009,Trafford,2019,Tanzania,0
E08000009,Trafford,2020,Tanzania,0
E08000009,Trafford,2002,Uganda,7
E08000009,Trafford,2003,Uganda,7
E08000009,Trafford,2004,Uganda,0
E08000009,Trafford,2005,Uganda,9
E08000009,Trafford,2006,Uganda,0
E08000009,Trafford,2007,Uganda,5
E08000009,Trafford,2008,Uganda,7
E08000009,Trafford,2009,Uganda,0
E08000009,Trafford,2010,Uganda,6
E08000009,Trafford,2011,Uganda,6
E08000009,Trafford,2012,Uganda,0
E08000009,Trafford,2013,Uganda,0
E08000009,Trafford,2014,Uganda,0
E08000009,Trafford,2015,Uganda,0
E08000009,Trafford,2016,Uganda,0
E08000009,Trafford,2017,Uganda,0
E08000009,Trafford,2018,Uganda,0
E08000009,Trafford,2019,Uganda,0
E08000009,Trafford,2020,Uganda,0
E08000009,Trafford,2002,Zimbabwe,16
E08000009,Trafford,2003,Zimbabwe,21
E08000009,Trafford,2004,Zimbabwe,8
E08000009,Trafford,2005,Zimbabwe,14
E08000009,Trafford,2006,Zimbabwe,12
E08000009,Trafford,2007,Zimbabwe,5
E08000009,Trafford,2008,Zimbabwe,7
E08000009,Trafford,2009,Zimbabwe,15
E08000009,Trafford,2010,Zimbabwe,5
E08000009,Trafford,2011,Zimbabwe,8
E08000009,Trafford,2012,Zimbabwe,0
E08000009,Trafford,2013,Zimbabwe,0
E08000009,Trafford,2014,Zimbabwe,0
E08000009,Trafford,2015,Zimbabwe,0
E08000009,Trafford,2016,Zimbabwe,0
E08000009,Trafford,2017,Zimbabwe,5
E08000009,Trafford,2018,Zimbabwe,0
E08000009,Trafford,2019,Zimbabwe,0
E08000009,Trafford,2020,Zimbabwe,0
E08000009,Trafford,2002,Algeria,0
E08000009,Trafford,2003,Algeria,0
E08000009,Trafford,2004,Algeria,5
E08000009,Trafford,2005,Algeria,0
E08000009,Trafford,2006,Algeria,0
E08000009,Trafford,2007,Algeria,0
E08000009,Trafford,2008,Algeria,0
E08000009,Trafford,2009,Algeria,0
E08000009,Trafford,2010,Algeria,0
E08000009,Trafford,2011,Algeria,0
E08000009,Trafford,2012,Algeria,0
E08000009,Trafford,2013,Algeria,5
E08000009,Trafford,2014,Algeria,0
E08000009,Trafford,2015,Algeria,0
E08000009,Trafford,2016,Algeria,0
E08000009,Trafford,2017,Algeria,0
E08000009,Trafford,2018,Algeria,0
E08000009,Trafford,2019,Algeria,0
E08000009,Trafford,2020,Algeria,0
E08000009,Trafford,2002,Egypt,0
E08000009,Trafford,2003,Egypt,0
E08000009,Trafford,2004,Egypt,0
E08000009,Trafford,2005,Egypt,0
E08000009,Trafford,2006,Egypt,0
E08000009,Trafford,2007,Egypt,0
E08000009,Trafford,2008,Egypt,6
E08000009,Trafford,2009,Egypt,6
E08000009,Trafford,2010,Egypt,0
E08000009,Trafford,2011,Egypt,5
E08000009,Trafford,2012,Egypt,6
E08000009,Trafford,2013,Egypt,0
E08000009,Trafford,2014,Egypt,0
E08000009,Trafford,2015,Egypt,5
E08000009,Trafford,2016,Egypt,10
E08000009,Trafford,2017,Egypt,7
E08000009,Trafford,2018,Egypt,7
E08000009,Trafford,2019,Egypt,18
E08000009,Trafford,2020,Egypt,7
E08000009,Trafford,2002,Libya,12
E08000009,Trafford,2003,Libya,5
E08000009,Trafford,2004,Libya,8
E08000009,Trafford,2005,Libya,9
E08000009,Trafford,2006,Libya,7
E08000009,Trafford,2007,Libya,9
E08000009,Trafford,2008,Libya,8
E08000009,Trafford,2009,Libya,9
E08000009,Trafford,2010,Libya,7
E08000009,Trafford,2011,Libya,16
E08000009,Trafford,2012,Libya,6
E08000009,Trafford,2013,Libya,0
E08000009,Trafford,2014,Libya,5
E08000009,Trafford,2015,Libya,9
E08000009,Trafford,2016,Libya,8
E08000009,Trafford,2017,Libya,6
E08000009,Trafford,2018,Libya,8
E08000009,Trafford,2019,Libya,8
E08000009,Trafford,2020,Libya,0
E08000009,Trafford,2002,Morocco,0
E08000009,Trafford,2003,Morocco,0
E08000009,Trafford,2004,Morocco,0
E08000009,Trafford,2005,Morocco,0
E08000009,Trafford,2006,Morocco,0
E08000009,Trafford,2007,Morocco,0
E08000009,Trafford,2008,Morocco,0
E08000009,Trafford,2009,Morocco,0
E08000009,Trafford,2010,Morocco,0
E08000009,Trafford,2011,Morocco,0
E08000009,Trafford,2012,Morocco,0
E08000009,Trafford,2013,Morocco,0
E08000009,Trafford,2014,Morocco,7
E08000009,Trafford,2015,Morocco,0
E08000009,Trafford,2016,Morocco,0
E08000009,Trafford,2017,Morocco,6
E08000009,Trafford,2018,Morocco,5
E08000009,Trafford,2019,Morocco,5
E08000009,Trafford,2020,Morocco,0
E08000009,Trafford,2002,Sudan,0
E08000009,Trafford,2003,Sudan,0
E08000009,Trafford,2004,Sudan,0
E08000009,Trafford,2005,Sudan,0
E08000009,Trafford,2006,Sudan,0
E08000009,Trafford,2007,Sudan,0
E08000009,Trafford,2008,Sudan,0
E08000009,Trafford,2009,Sudan,0
E08000009,Trafford,2010,Sudan,0
E08000009,Trafford,2011,Sudan,0
E08000009,Trafford,2012,Sudan,6
E08000009,Trafford,2013,Sudan,5
E08000009,Trafford,2014,Sudan,7
E08000009,Trafford,2015,Sudan,11
E08000009,Trafford,2016,Sudan,17
E08000009,Trafford,2017,Sudan,7
E08000009,Trafford,2018,Sudan,11
E08000009,Trafford,2019,Sudan,12
E08000009,Trafford,2020,Sudan,0
E08000009,Trafford,2002,Tunisia,0
E08000009,Trafford,2003,Tunisia,0
E08000009,Trafford,2004,Tunisia,0
E08000009,Trafford,2005,Tunisia,0
E08000009,Trafford,2006,Tunisia,0
E08000009,Trafford,2007,Tunisia,0
E08000009,Trafford,2008,Tunisia,0
E08000009,Trafford,2009,Tunisia,0
E08000009,Trafford,2010,Tunisia,0
E08000009,Trafford,2011,Tunisia,0
E08000009,Trafford,2012,Tunisia,0
E08000009,Trafford,2013,Tunisia,0
E08000009,Trafford,2014,Tunisia,0
E08000009,Trafford,2015,Tunisia,0
E08000009,Trafford,2016,Tunisia,0
E08000009,Trafford,2017,Tunisia,0
E08000009,Trafford,2018,Tunisia,6
E08000009,Trafford,2019,Tunisia,0
E08000009,Trafford,2020,Tunisia,0
E08000009,Trafford,2002,United States,17
E08000009,Trafford,2003,United States,8
E08000009,Trafford,2004,United States,20
E08000009,Trafford,2005,United States,14
E08000009,Trafford,2006,United States,15
E08000009,Trafford,2007,United States,14
E08000009,Trafford,2008,United States,18
E08000009,Trafford,2009,United States,12
E08000009,Trafford,2010,United States,18
E08000009,Trafford,2011,United States,16
E08000009,Trafford,2012,United States,18
E08000009,Trafford,2013,United States,17
E08000009,Trafford,2014,United States,10
E08000009,Trafford,2015,United States,15
E08000009,Trafford,2016,United States,11
E08000009,Trafford,2017,United States,20
E08000009,Trafford,2018,United States,16
E08000009,Trafford,2019,United States,25
E08000009,Trafford,2020,United States,12
E08000009,Trafford,2002,Canada,12
E08000009,Trafford,2003,Canada,13
E08000009,Trafford,2004,Canada,17
E08000009,Trafford,2005,Canada,7
E08000009,Trafford,2006,Canada,7
E08000009,Trafford,2007,Canada,6
E08000009,Trafford,2008,Canada,5
E08000009,Trafford,2009,Canada,8
E08000009,Trafford,2010,Canada,9
E08000009,Trafford,2011,Canada,5
E08000009,Trafford,2012,Canada,8
E08000009,Trafford,2013,Canada,6
E08000009,Trafford,2014,Canada,0
E08000009,Trafford,2015,Canada,13
E08000009,Trafford,2016,Canada,11
E08000009,Trafford,2017,Canada,7
E08000009,Trafford,2018,Canada,5
E08000009,Trafford,2019,Canada,16
E08000009,Trafford,2020,Canada,9
E08000009,Trafford,2002,Argentina,0
E08000009,Trafford,2003,Argentina,0
E08000009,Trafford,2004,Argentina,0
E08000009,Trafford,2005,Argentina,0
E08000009,Trafford,2006,Argentina,0
E08000009,Trafford,2007,Argentina,0
E08000009,Trafford,2008,Argentina,0
E08000009,Trafford,2009,Argentina,0
E08000009,Trafford,2010,Argentina,5
E08000009,Trafford,2011,Argentina,0
E08000009,Trafford,2012,Argentina,5
E08000009,Trafford,2013,Argentina,0
E08000009,Trafford,2014,Argentina,0
E08000009,Trafford,2015,Argentina,0
E08000009,Trafford,2016,Argentina,0
E08000009,Trafford,2017,Argentina,0
E08000009,Trafford,2018,Argentina,0
E08000009,Trafford,2019,Argentina,0
E08000009,Trafford,2020,Argentina,0
E08000009,Trafford,2002,Brazil,7
E08000009,Trafford,2003,Brazil,0
E08000009,Trafford,2004,Brazil,8
E08000009,Trafford,2005,Brazil,6
E08000009,Trafford,2006,Brazil,0
E08000009,Trafford,2007,Brazil,6
E08000009,Trafford,2008,Brazil,9
E08000009,Trafford,2009,Brazil,7
E08000009,Trafford,2010,Brazil,8
E08000009,Trafford,2011,Brazil,8
E08000009,Trafford,2012,Brazil,5
E08000009,Trafford,2013,Brazil,0
E08000009,Trafford,2014,Brazil,0
E08000009,Trafford,2015,Brazil,5
E08000009,Trafford,2016,Brazil,9
E08000009,Trafford,2017,Brazil,5
E08000009,Trafford,2018,Brazil,10
E08000009,Trafford,2019,Brazil,14
E08000009,Trafford,2020,Brazil,5
E08000009,Trafford,2002,Chile,0
E08000009,Trafford,2003,Chile,0
E08000009,Trafford,2004,Chile,0
E08000009,Trafford,2005,Chile,0
E08000009,Trafford,2006,Chile,0
E08000009,Trafford,2007,Chile,0
E08000009,Trafford,2008,Chile,0
E08000009,Trafford,2009,Chile,0
E08000009,Trafford,2010,Chile,0
E08000009,Trafford,2011,Chile,0
E08000009,Trafford,2012,Chile,0
E08000009,Trafford,2013,Chile,0
E08000009,Trafford,2014,Chile,0
E08000009,Trafford,2015,Chile,0
E08000009,Trafford,2016,Chile,5
E08000009,Trafford,2017,Chile,0
E08000009,Trafford,2018,Chile,0
E08000009,Trafford,2019,Chile,0
E08000009,Trafford,2020,Chile,0
E08000009,Trafford,2002,Colombia,0
E08000009,Trafford,2003,Colombia,0
E08000009,Trafford,2004,Colombia,0
E08000009,Trafford,2005,Colombia,0
E08000009,Trafford,2006,Colombia,0
E08000009,Trafford,2007,Colombia,0
E08000009,Trafford,2008,Colombia,0
E08000009,Trafford,2009,Colombia,0
E08000009,Trafford,2010,Colombia,5
E08000009,Trafford,2011,Colombia,0
E08000009,Trafford,2012,Colombia,0
E08000009,Trafford,2013,Colombia,0
E08000009,Trafford,2014,Colombia,0
E08000009,Trafford,2015,Colombia,0
E08000009,Trafford,2016,Colombia,0
E08000009,Trafford,2017,Colombia,0
E08000009,Trafford,2018,Colombia,0
E08000009,Trafford,2019,Colombia,0
E08000009,Trafford,2020,Colombia,0
E08000009,Trafford,2002,El Salvador,0
E08000009,Trafford,2003,El Salvador,0
E08000009,Trafford,2004,El Salvador,0
E08000009,Trafford,2005,El Salvador,0
E08000009,Trafford,2006,El Salvador,0
E08000009,Trafford,2007,El Salvador,0
E08000009,Trafford,2008,El Salvador,0
E08000009,Trafford,2009,El Salvador,0
E08000009,Trafford,2010,El Salvador,0
E08000009,Trafford,2011,El Salvador,0
E08000009,Trafford,2012,El Salvador,0
E08000009,Trafford,2013,El Salvador,0
E08000009,Trafford,2014,El Salvador,0
E08000009,Trafford,2015,El Salvador,0
E08000009,Trafford,2016,El Salvador,0
E08000009,Trafford,2017,El Salvador,0
E08000009,Trafford,2018,El Salvador,0
E08000009,Trafford,2019,El Salvador,0
E08000009,Trafford,2020,El Salvador,6
E08000009,Trafford,2002,Jamaica,20
E08000009,Trafford,2003,Jamaica,31
E08000009,Trafford,2004,Jamaica,21
E08000009,Trafford,2005,Jamaica,18
E08000009,Trafford,2006,Jamaica,0
E08000009,Trafford,2007,Jamaica,0
E08000009,Trafford,2008,Jamaica,13
E08000009,Trafford,2009,Jamaica,12
E08000009,Trafford,2010,Jamaica,7
E08000009,Trafford,2011,Jamaica,16
E08000009,Trafford,2012,Jamaica,0
E08000009,Trafford,2013,Jamaica,10
E08000009,Trafford,2014,Jamaica,10
E08000009,Trafford,2015,Jamaica,7
E08000009,Trafford,2016,Jamaica,6
E08000009,Trafford,2017,Jamaica,0
E08000009,Trafford,2018,Jamaica,0
E08000009,Trafford,2019,Jamaica,6
E08000009,Trafford,2020,Jamaica,6
E08000009,Trafford,2002,Mexico,6
E08000009,Trafford,2003,Mexico,0
E08000009,Trafford,2004,Mexico,0
E08000009,Trafford,2005,Mexico,5
E08000009,Trafford,2006,Mexico,0
E08000009,Trafford,2007,Mexico,0
E08000009,Trafford,2008,Mexico,0
E08000009,Trafford,2009,Mexico,5
E08000009,Trafford,2010,Mexico,0
E08000009,Trafford,2011,Mexico,0
E08000009,Trafford,2012,Mexico,0
E08000009,Trafford,2013,Mexico,5
E08000009,Trafford,2014,Mexico,0
E08000009,Trafford,2015,Mexico,0
E08000009,Trafford,2016,Mexico,5
E08000009,Trafford,2017,Mexico,0
E08000009,Trafford,2018,Mexico,5
E08000009,Trafford,2019,Mexico,0
E08000009,Trafford,2020,Mexico,0
E08000009,Trafford,2002,Panama,0
E08000009,Trafford,2003,Panama,0
E08000009,Trafford,2004,Panama,0
E08000009,Trafford,2005,Panama,0
E08000009,Trafford,2006,Panama,0
E08000009,Trafford,2007,Panama,0
E08000009,Trafford,2008,Panama,0
E08000009,Trafford,2009,Panama,0
E08000009,Trafford,2010,Panama,0
E08000009,Trafford,2011,Panama,0
E08000009,Trafford,2012,Panama,0
E08000009,Trafford,2013,Panama,0
E08000009,Trafford,2014,Panama,5
E08000009,Trafford,2015,Panama,0
E08000009,Trafford,2016,Panama,0
E08000009,Trafford,2017,Panama,0
E08000009,Trafford,2018,Panama,0
E08000009,Trafford,2019,Panama,0
E08000009,Trafford,2020,Panama,0
E08000009,Trafford,2002,Peru,0
E08000009,Trafford,2003,Peru,0
E08000009,Trafford,2004,Peru,0
E08000009,Trafford,2005,Peru,0
E08000009,Trafford,2006,Peru,0
E08000009,Trafford,2007,Peru,7
E08000009,Trafford,2008,Peru,0
E08000009,Trafford,2009,Peru,0
E08000009,Trafford,2010,Peru,0
E08000009,Trafford,2011,Peru,0
E08000009,Trafford,2012,Peru,0
E08000009,Trafford,2013,Peru,0
E08000009,Trafford,2014,Peru,0
E08000009,Trafford,2015,Peru,0
E08000009,Trafford,2016,Peru,0
E08000009,Trafford,2017,Peru,0
E08000009,Trafford,2018,Peru,0
E08000009,Trafford,2019,Peru,0
E08000009,Trafford,2020,Peru,0
E08000009,Trafford,2002,Trinidad & Tobago,0
E08000009,Trafford,2003,Trinidad & Tobago,5
E08000009,Trafford,2004,Trinidad & Tobago,0
E08000009,Trafford,2005,Trinidad & Tobago,6
E08000009,Trafford,2006,Trinidad & Tobago,0
E08000009,Trafford,2007,Trinidad & Tobago,0
E08000009,Trafford,2008,Trinidad & Tobago,0
E08000009,Trafford,2009,Trinidad & Tobago,0
E08000009,Trafford,2010,Trinidad & Tobago,0
E08000009,Trafford,2011,Trinidad & Tobago,0
E08000009,Trafford,2012,Trinidad & Tobago,0
E08000009,Trafford,2013,Trinidad & Tobago,0
E08000009,Trafford,2014,Trinidad & Tobago,0
E08000009,Trafford,2015,Trinidad & Tobago,0
E08000009,Trafford,2016,Trinidad & Tobago,0
E08000009,Trafford,2017,Trinidad & Tobago,0
E08000009,Trafford,2018,Trinidad & Tobago,0
E08000009,Trafford,2019,Trinidad & Tobago,0
E08000009,Trafford,2020,Trinidad & Tobago,0
E08000009,Trafford,2002,Venezuala,5
E08000009,Trafford,2003,Venezuala,0
E08000009,Trafford,2004,Venezuala,0
E08000009,Trafford,2005,Venezuala,0
E08000009,Trafford,2006,Venezuala,0
E08000009,Trafford,2007,Venezuala,0
E08000009,Trafford,2008,Venezuala,0
E08000009,Trafford,2009,Venezuala,0
E08000009,Trafford,2010,Venezuala,0
E08000009,Trafford,2011,Venezuala,0
E08000009,Trafford,2012,Venezuala,0
E08000009,Trafford,2013,Venezuala,0
E08000009,Trafford,2014,Venezuala,0
E08000009,Trafford,2015,Venezuala,0
E08000009,Trafford,2016,Venezuala,0
E08000009,Trafford,2017,Venezuala,0
E08000009,Trafford,2018,Venezuala,0
E08000009,Trafford,2019,Venezuala,0
E08000009,Trafford,2020,Venezuala,0
E08000009,Trafford,2002,Australia,41
E08000009,Trafford,2003,Australia,43
E08000009,Trafford,2004,Australia,31
E08000009,Trafford,2005,Australia,39
E08000009,Trafford,2006,Australia,50
E08000009,Trafford,2007,Australia,41
E08000009,Trafford,2008,Australia,32
E08000009,Trafford,2009,Australia,31
E08000009,Trafford,2010,Australia,20
E08000009,Trafford,2011,Australia,24
E08000009,Trafford,2012,Australia,14
E08000009,Trafford,2013,Australia,18
E08000009,Trafford,2014,Australia,23
E08000009,Trafford,2015,Australia,17
E08000009,Trafford,2016,Australia,16
E08000009,Trafford,2017,Australia,23
E08000009,Trafford,2018,Australia,12
E08000009,Trafford,2019,Australia,18
E08000009,Trafford,2020,Australia,7
E08000009,Trafford,2002,New Zealand,11
E08000009,Trafford,2003,New Zealand,8
E08000009,Trafford,2004,New Zealand,12
E08000009,Trafford,2005,New Zealand,9
E08000009,Trafford,2006,New Zealand,18
E08000009,Trafford,2007,New Zealand,11
E08000009,Trafford,2008,New Zealand,6
E08000009,Trafford,2009,New Zealand,7
E08000009,Trafford,2010,New Zealand,0
E08000009,Trafford,2011,New Zealand,5
E08000009,Trafford,2012,New Zealand,8
E08000009,Trafford,2013,New Zealand,5
E08000009,Trafford,2014,New Zealand,5
E08000009,Trafford,2015,New Zealand,6
E08000009,Trafford,2016,New Zealand,5
E08000009,Trafford,2017,New Zealand,6
E08000009,Trafford,2018,New Zealand,5
E08000009,Trafford,2019,New Zealand,9
E08000009,Trafford,2020,New Zealand,0
E08000009,Trafford,2002,Other / unknown,0
E08000009,Trafford,2003,Other / unknown,0
E08000009,Trafford,2004,Other / unknown,0
E08000009,Trafford,2005,Other / unknown,0
E08000009,Trafford,2006,Other / unknown,0
E08000009,Trafford,2007,Other / unknown,0
E08000009,Trafford,2008,Other / unknown,0
E08000009,Trafford,2009,Other / unknown,6
E08000009,Trafford,2010,Other / unknown,7
E08000009,Trafford,2011,Other / unknown,0
E08000009,Trafford,2012,Other / unknown,0
E08000009,Trafford,2013,Other / unknown,0
E08000009,Trafford,2014,Other / unknown,5
E08000009,Trafford,2015,Other / unknown,6
E08000009,Trafford,2016,Other / unknown,0
E08000009,Trafford,2017,Other / unknown,0
E08000009,Trafford,2018,Other / unknown,0
E08000009,Trafford,2019,Other / unknown,8
E08000009,Trafford,2020,Other / unknown,0
